,LogStartTime,LogID,PullNumber,PullDuration,BossPercentage,FightPercentage,LastPhase,LastPhaseIntermission,P2Glitch,P3Defamation
0,1674641521769,DJ4Z7LkzYdXNPfbQ,11,112667,40.15,94.01,1,0,N,N
1,1674641685116,DJ4Z7LkzYdXNPfbQ,12,64260,55.41,95.54,1,0,N,N
2,1674641794331,DJ4Z7LkzYdXNPfbQ,13,59540,58.91,95.89,1,0,N,N
3,1674641891023,DJ4Z7LkzYdXNPfbQ,14,52104,60.37,96.03,1,0,N,N
4,1674642029487,DJ4Z7LkzYdXNPfbQ,15,52253,60.09,96.0,1,0,N,N
5,1674642098204,DJ4Z7LkzYdXNPfbQ,16,112732,42.81,94.28,1,0,N,N
6,1674642332883,DJ4Z7LkzYdXNPfbQ,17,58920,56.66,95.66,1,0,N,N
7,1674642521428,DJ4Z7LkzYdXNPfbQ,18,61051,56.06,95.6,1,0,N,N
8,1674642606841,DJ4Z7LkzYdXNPfbQ,19,61152,57.27,95.72,1,0,N,N
9,1674642711297,DJ4Z7LkzYdXNPfbQ,20,58203,58.03,95.8,1,0,N,N
10,1674642799878,DJ4Z7LkzYdXNPfbQ,21,51947,60.33,96.03,1,0,N,N
11,1674642866237,DJ4Z7LkzYdXNPfbQ,22,98930,34.2,93.42,1,0,N,N
12,1674642988512,DJ4Z7LkzYdXNPfbQ,23,54416,57.45,95.74,1,0,N,N
13,1674643081497,DJ4Z7LkzYdXNPfbQ,24,101834,42.77,94.27,1,0,N,N
14,1674643212077,DJ4Z7LkzYdXNPfbQ,25,68698,53.13,95.31,1,0,N,N
15,1674643298615,DJ4Z7LkzYdXNPfbQ,26,66280,52.39,95.23,1,0,N,N
16,1674643388138,DJ4Z7LkzYdXNPfbQ,27,52279,58.3,95.83,1,0,N,N
17,1674643460621,DJ4Z7LkzYdXNPfbQ,28,97876,33.53,93.35,1,0,N,N
18,1674643760495,DJ4Z7LkzYdXNPfbQ,29,115403,27.37,92.73,1,0,N,N
19,1674644220188,DJ4Z7LkzYdXNPfbQ,30,52182,58.79,95.87,1,0,N,N
20,1674644286789,DJ4Z7LkzYdXNPfbQ,31,41677,68.67,96.86,1,0,N,N
21,1674644346937,DJ4Z7LkzYdXNPfbQ,32,112472,27.17,92.71,1,0,N,N
22,1674644684758,DJ4Z7LkzYdXNPfbQ,33,97883,33.49,93.34,1,0,N,N
23,1674644842440,DJ4Z7LkzYdXNPfbQ,34,52327,58.15,95.81,1,0,N,N
24,1674644910683,DJ4Z7LkzYdXNPfbQ,35,114487,29.15,92.91,1,0,N,N
25,1674645171239,DJ4Z7LkzYdXNPfbQ,36,112811,27.0,92.7,1,0,N,N
26,1674645406733,DJ4Z7LkzYdXNPfbQ,37,133579,28.4,92.84,1,0,N,N
27,1674645632155,DJ4Z7LkzYdXNPfbQ,38,54428,57.51,95.75,1,0,N,N
28,1674645770520,DJ4Z7LkzYdXNPfbQ,39,68345,50.36,95.03,1,0,N,N
29,1674645855273,DJ4Z7LkzYdXNPfbQ,40,57912,57.69,95.76,1,0,N,N
30,1674645937462,DJ4Z7LkzYdXNPfbQ,41,103795,30.37,93.03,1,0,N,N
31,1674646279032,DJ4Z7LkzYdXNPfbQ,42,43245,67.67,96.76,1,0,N,N
32,1674646342220,DJ4Z7LkzYdXNPfbQ,43,92230,32.52,93.25,1,0,N,N
33,1674646459847,DJ4Z7LkzYdXNPfbQ,44,103973,40.6,94.06,1,0,N,N
34,1674646646936,DJ4Z7LkzYdXNPfbQ,45,63401,51.18,95.11,1,0,N,N
35,1674646786081,DJ4Z7LkzYdXNPfbQ,46,98822,35.11,93.51,1,0,N,N
36,1674646903084,DJ4Z7LkzYdXNPfbQ,47,48390,64.38,96.43,1,0,N,N
37,1674646967682,DJ4Z7LkzYdXNPfbQ,48,67520,51.94,95.19,1,0,N,N
38,1674647050298,DJ4Z7LkzYdXNPfbQ,49,112842,22.24,92.22,1,0,N,N
39,1674647211572,DJ4Z7LkzYdXNPfbQ,50,54437,58.86,95.88,1,0,N,N
40,1674647294893,DJ4Z7LkzYdXNPfbQ,51,112839,26.63,92.66,1,0,N,N
41,1674647581792,DJ4Z7LkzYdXNPfbQ,52,133547,28.43,92.84,1,0,N,N
42,1674647753699,DJ4Z7LkzYdXNPfbQ,53,61143,56.42,95.64,1,0,N,N
43,1674647832884,DJ4Z7LkzYdXNPfbQ,54,103963,37.64,93.76,1,0,N,N
44,1674648004596,DJ4Z7LkzYdXNPfbQ,55,103955,37.29,93.72,1,0,N,N
45,1674648134653,DJ4Z7LkzYdXNPfbQ,56,121840,20.41,92.04,1,0,N,N
46,1674648310812,DJ4Z7LkzYdXNPfbQ,57,97972,28.87,92.88,1,0,N,N
47,1674648468634,DJ4Z7LkzYdXNPfbQ,58,96800,30.69,93.06,1,0,N,N
48,1674648591957,DJ4Z7LkzYdXNPfbQ,59,97988,34.96,93.49,1,0,N,N
49,1674648739008,DJ4Z7LkzYdXNPfbQ,60,133696,21.74,92.17,1,0,N,N
50,1674649773787,DJ4Z7LkzYdXNPfbQ,61,43187,61.94,96.19,1,0,N,N
51,1674649846423,DJ4Z7LkzYdXNPfbQ,62,112777,31.48,93.14,1,0,N,N
52,1674649996375,DJ4Z7LkzYdXNPfbQ,63,45371,63.76,96.37,1,0,N,N
53,1674650067351,DJ4Z7LkzYdXNPfbQ,64,69095,50.38,95.03,1,0,N,N
54,1674650148860,DJ4Z7LkzYdXNPfbQ,65,97875,31.5,93.15,1,0,N,N
55,1674650274336,DJ4Z7LkzYdXNPfbQ,66,50624,61.83,96.18,1,0,N,N
56,1674650344068,DJ4Z7LkzYdXNPfbQ,67,103907,26.33,92.63,1,0,N,N
57,1674650462433,DJ4Z7LkzYdXNPfbQ,68,112749,27.66,92.76,1,0,N,N
58,1674650589421,DJ4Z7LkzYdXNPfbQ,69,69410,48.38,94.83,1,0,N,N
59,1674650672590,DJ4Z7LkzYdXNPfbQ,70,60827,57.11,95.71,1,0,N,N
60,1674650751583,DJ4Z7LkzYdXNPfbQ,71,69584,49.87,94.98,1,0,N,N
61,1674650836920,DJ4Z7LkzYdXNPfbQ,72,66771,51.02,95.1,1,0,N,N
62,1674650933264,DJ4Z7LkzYdXNPfbQ,73,105770,34.91,93.49,1,0,N,N
63,1674651058131,DJ4Z7LkzYdXNPfbQ,74,71125,49.86,94.98,1,0,N,N
64,1674651147542,DJ4Z7LkzYdXNPfbQ,75,40650,68.65,96.86,1,0,N,N
65,1674651204475,DJ4Z7LkzYdXNPfbQ,76,52321,56.65,95.66,1,0,N,N
66,1674651269639,DJ4Z7LkzYdXNPfbQ,77,50352,61.96,96.19,1,0,N,N
67,1674651400530,DJ4Z7LkzYdXNPfbQ,78,109339,25.27,92.52,1,0,N,N
68,1674651524582,DJ4Z7LkzYdXNPfbQ,79,59118,56.8,95.68,1,0,N,N
69,1674651596951,DJ4Z7LkzYdXNPfbQ,80,68371,51.46,95.14,1,0,N,N
70,1674651679320,DJ4Z7LkzYdXNPfbQ,81,110157,28.34,92.83,1,0,N,N
71,1674651808335,DJ4Z7LkzYdXNPfbQ,82,109562,30.59,93.05,1,0,N,N
72,1674651932660,DJ4Z7LkzYdXNPfbQ,83,103965,39.54,93.95,1,0,N,N
73,1674652051296,DJ4Z7LkzYdXNPfbQ,84,91982,30.08,93.0,1,0,N,N
74,1674652232063,DJ4Z7LkzYdXNPfbQ,85,104213,27.89,92.78,1,0,N,N
75,1674652350943,DJ4Z7LkzYdXNPfbQ,86,54374,58.65,95.86,1,0,N,N
76,1674652421473,DJ4Z7LkzYdXNPfbQ,87,121778,21.17,92.11,1,0,N,N
77,1674652561529,DJ4Z7LkzYdXNPfbQ,88,39922,69.98,96.99,1,0,N,N
78,1674652767269,DJ4Z7LkzYdXNPfbQ,89,112826,23.21,92.32,1,0,N,N
79,1674653018130,DJ4Z7LkzYdXNPfbQ,90,133044,14.63,91.46,1,0,N,N
80,1674653334880,DJ4Z7LkzYdXNPfbQ,91,124903,19.25,91.92,1,0,N,N
81,1674653555867,DJ4Z7LkzYdXNPfbQ,92,43283,63.05,96.3,1,0,N,N
82,1674653615782,DJ4Z7LkzYdXNPfbQ,93,124745,24.62,92.46,1,0,N,N
83,1674653761925,DJ4Z7LkzYdXNPfbQ,94,52190,57.81,95.78,1,0,N,N
84,1674653836202,DJ4Z7LkzYdXNPfbQ,95,133570,18.39,91.83,1,0,N,N
85,1674653993976,DJ4Z7LkzYdXNPfbQ,96,133846,9.16,90.91,1,0,N,N
86,1674654252140,DJ4Z7LkzYdXNPfbQ,97,54323,54.09,95.4,1,0,N,N
87,1674654324930,DJ4Z7LkzYdXNPfbQ,98,96107,30.43,93.04,1,0,N,N
88,1674654446867,DJ4Z7LkzYdXNPfbQ,99,67775,49.31,94.93,1,0,N,N
89,1674654537251,DJ4Z7LkzYdXNPfbQ,100,45305,61.67,96.16,1,0,N,N
90,1674654601616,DJ4Z7LkzYdXNPfbQ,101,45359,60.74,96.07,1,0,N,N
91,1674654672422,DJ4Z7LkzYdXNPfbQ,102,39444,66.63,96.66,1,0,N,N
92,1674654881982,DJ4Z7LkzYdXNPfbQ,103,120649,19.7,91.97,1,0,N,N
93,1674655024271,DJ4Z7LkzYdXNPfbQ,104,120384,18.26,91.82,1,0,N,N
94,1674655166727,DJ4Z7LkzYdXNPfbQ,105,65627,49.1,94.91,1,0,N,N
95,1674655266225,DJ4Z7LkzYdXNPfbQ,106,133765,7.91,90.79,1,0,N,N
96,1674655448514,DJ4Z7LkzYdXNPfbQ,107,133801,2.87,90.28,1,0,N,N
97,1674655683128,DJ4Z7LkzYdXNPfbQ,108,61028,54.21,95.42,1,0,N,N
98,1674655761430,DJ4Z7LkzYdXNPfbQ,109,54202,56.35,95.63,1,0,N,N
99,1674655835499,DJ4Z7LkzYdXNPfbQ,110,60996,51.8,95.18,1,0,N,N
100,1674655918078,DJ4Z7LkzYdXNPfbQ,111,74944,47.82,94.78,1,0,N,N
101,1674656064562,DJ4Z7LkzYdXNPfbQ,112,59967,54.47,95.44,1,0,N,N
102,1674656149755,DJ4Z7LkzYdXNPfbQ,113,67976,48.38,94.83,1,0,N,N
103,1674656237772,DJ4Z7LkzYdXNPfbQ,114,180512,80.79,88.07,2,0,R,N
104,1674656522048,DJ4Z7LkzYdXNPfbQ,115,180856,79.31,87.93,2,0,M,N
105,1674656775954,DJ4Z7LkzYdXNPfbQ,117,120068,18.11,91.81,1,0,N,N
106,1674656913398,DJ4Z7LkzYdXNPfbQ,118,108840,23.33,92.33,1,0,N,N
107,1674657040744,DJ4Z7LkzYdXNPfbQ,119,54021,55.51,95.55,1,0,N,N
108,1674657119553,DJ4Z7LkzYdXNPfbQ,120,181018,74.99,87.49,2,0,M,N
109,1674657378101,DJ4Z7LkzYdXNPfbQ,121,56638,53.73,95.37,1,0,N,N
110,1674657451624,DJ4Z7LkzYdXNPfbQ,122,112148,20.31,92.03,1,0,N,N
111,1674727641363,Q6ARnjw1ypMfvG3V,10,62900,51.36,95.13,1,0,N,N
112,1674727796817,Q6ARnjw1ypMfvG3V,11,55543,54.04,95.4,1,0,N,N
113,1674727986934,Q6ARnjw1ypMfvG3V,12,65557,50.3,95.03,1,0,N,N
114,1674728071245,Q6ARnjw1ypMfvG3V,13,54265,56.26,95.62,1,0,N,N
115,1674728155509,Q6ARnjw1ypMfvG3V,14,124649,19.53,91.95,1,0,N,N
116,1674728326295,Q6ARnjw1ypMfvG3V,15,60865,52.74,95.27,1,0,N,N
117,1674728410018,Q6ARnjw1ypMfvG3V,16,104929,27.01,92.7,1,0,N,N
118,1674728552862,Q6ARnjw1ypMfvG3V,17,92303,28.61,92.86,1,0,N,N
119,1674728666683,Q6ARnjw1ypMfvG3V,18,68948,49.73,94.97,1,0,N,N
120,1674728756642,Q6ARnjw1ypMfvG3V,19,45292,60.5,96.05,1,0,N,N
121,1674728829882,Q6ARnjw1ypMfvG3V,20,72518,47.83,94.78,1,0,N,N
122,1674728921865,Q6ARnjw1ypMfvG3V,21,50677,62.42,96.24,1,0,N,N
123,1674728991587,Q6ARnjw1ypMfvG3V,22,121766,15.21,91.52,1,0,N,N
124,1674729439212,Q6ARnjw1ypMfvG3V,23,43261,61.22,96.12,1,0,N,N
125,1674729499475,Q6ARnjw1ypMfvG3V,24,63222,46.93,94.69,1,0,N,N
126,1674729586907,Q6ARnjw1ypMfvG3V,25,127621,14.41,91.44,1,0,N,N
127,1674729851228,Q6ARnjw1ypMfvG3V,26,72979,47.65,94.76,1,0,N,N
128,1674729953034,Q6ARnjw1ypMfvG3V,27,63353,50.62,95.06,1,0,N,N
129,1674730056451,Q6ARnjw1ypMfvG3V,29,43338,61.61,96.16,1,0,N,N
130,1674730119436,Q6ARnjw1ypMfvG3V,30,104365,21.79,92.17,1,0,N,N
131,1674730266977,Q6ARnjw1ypMfvG3V,31,133924,5.19,90.51,1,0,N,N
132,1674730676858,Q6ARnjw1ypMfvG3V,32,61306,53.43,95.34,1,0,N,N
133,1674730757094,Q6ARnjw1ypMfvG3V,33,51926,56.25,95.62,1,0,N,N
134,1674730831693,Q6ARnjw1ypMfvG3V,34,45342,59.22,95.92,1,0,N,N
135,1674730899819,Q6ARnjw1ypMfvG3V,35,111404,22.96,92.29,1,0,N,N
136,1674731030529,Q6ARnjw1ypMfvG3V,36,120373,17.97,91.79,1,0,N,N
137,1674731179859,Q6ARnjw1ypMfvG3V,37,146757,21.31,92.13,1,0,N,N
138,1674731380440,Q6ARnjw1ypMfvG3V,38,117467,13.34,91.33,1,0,N,N
139,1674731709802,Q6ARnjw1ypMfvG3V,39,98076,31.5,93.15,1,0,N,N
140,1674731826996,Q6ARnjw1ypMfvG3V,40,82590,37.96,93.79,1,0,N,N
141,1674731928780,Q6ARnjw1ypMfvG3V,41,63295,49.2,94.92,1,0,N,N
142,1674732009845,Q6ARnjw1ypMfvG3V,42,97874,28.68,92.86,1,0,N,N
143,1674732129635,Q6ARnjw1ypMfvG3V,43,51889,56.21,95.62,1,0,N,N
144,1674732200424,Q6ARnjw1ypMfvG3V,44,103752,27.44,92.74,1,0,N,N
145,1674732464431,Q6ARnjw1ypMfvG3V,45,91880,26.16,92.61,1,0,N,N
146,1674732575392,Q6ARnjw1ypMfvG3V,46,45317,60.69,96.06,1,0,N,N
147,1674732638987,Q6ARnjw1ypMfvG3V,47,97777,27.83,92.78,1,0,N,N
148,1674732823084,Q6ARnjw1ypMfvG3V,48,103905,19.27,91.92,1,0,N,N
149,1674733044854,Q6ARnjw1ypMfvG3V,49,50381,56.77,95.67,1,0,N,N
150,1674733114439,Q6ARnjw1ypMfvG3V,50,54432,55.19,95.51,1,0,N,N
151,1674733188338,Q6ARnjw1ypMfvG3V,51,55113,54.64,95.46,1,0,N,N
152,1674733262781,Q6ARnjw1ypMfvG3V,52,133936,2.9,90.29,1,0,N,N
153,1674733472853,Q6ARnjw1ypMfvG3V,53,56667,52.11,95.21,1,0,N,N
154,1674733622926,Q6ARnjw1ypMfvG3V,54,114249,15.38,91.53,1,0,N,N
155,1674733801486,Q6ARnjw1ypMfvG3V,55,191725,70.1,87.01,2,0,M,N
156,1674734024929,Q6ARnjw1ypMfvG3V,56,121738,16.32,91.63,1,0,N,N
157,1674734166874,Q6ARnjw1ypMfvG3V,57,113203,18.54,91.85,1,0,N,N
158,1674734299234,Q6ARnjw1ypMfvG3V,58,122983,16.25,91.62,1,0,N,N
159,1674734489781,Q6ARnjw1ypMfvG3V,59,52140,56.96,95.69,1,0,N,N
160,1674734564447,Q6ARnjw1ypMfvG3V,60,112765,23.04,92.3,1,0,N,N
161,1674734711418,Q6ARnjw1ypMfvG3V,61,73108,43.54,94.35,1,0,N,N
162,1674736088307,Q6ARnjw1ypMfvG3V,62,45280,61.96,96.19,1,0,N,N
163,1674736149807,Q6ARnjw1ypMfvG3V,63,104173,25.34,92.53,1,0,N,N
164,1674736276115,Q6ARnjw1ypMfvG3V,64,181526,72.24,87.22,2,0,R,N
165,1674736480402,Q6ARnjw1ypMfvG3V,65,121009,13.18,91.31,1,0,N,N
166,1674736619610,Q6ARnjw1ypMfvG3V,66,68918,47.74,94.77,1,0,N,N
167,1674736706498,Q6ARnjw1ypMfvG3V,67,116566,24.06,92.4,1,0,N,N
168,1674736844169,Q6ARnjw1ypMfvG3V,68,103532,26.64,92.66,1,0,N,N
169,1674736968280,Q6ARnjw1ypMfvG3V,69,134074,2.36,90.23,1,0,N,N
170,1674737123336,Q6ARnjw1ypMfvG3V,70,115952,20.67,92.06,1,0,N,N
171,1674737257355,Q6ARnjw1ypMfvG3V,71,60887,51.15,95.11,1,0,N,N
172,1674737336186,Q6ARnjw1ypMfvG3V,72,97940,30.7,93.07,1,0,N,N
173,1674737453231,Q6ARnjw1ypMfvG3V,73,94202,33.6,93.36,1,0,N,N
174,1674737566041,Q6ARnjw1ypMfvG3V,74,37509,67.33,96.73,1,0,N,N
175,1674737648516,Q6ARnjw1ypMfvG3V,75,90751,30.18,93.01,1,0,N,N
176,1674737797971,Q6ARnjw1ypMfvG3V,77,132677,3.72,90.37,1,0,N,N
177,1674737976682,Q6ARnjw1ypMfvG3V,78,65887,48.31,94.83,1,0,N,N
178,1674738070598,Q6ARnjw1ypMfvG3V,79,49738,58.77,95.87,1,0,N,N
179,1674738139552,Q6ARnjw1ypMfvG3V,80,112891,18.7,91.87,1,0,N,N
180,1674738432009,Q6ARnjw1ypMfvG3V,81,33956,68.96,96.89,1,0,N,N
181,1674738491499,Q6ARnjw1ypMfvG3V,82,111944,23.49,92.34,1,0,N,N
182,1674738657914,Q6ARnjw1ypMfvG3V,83,181464,70.76,87.07,2,0,M,N
183,1674738892664,Q6ARnjw1ypMfvG3V,84,134366,0.39,90.03,1,0,N,N
184,1674739093090,Q6ARnjw1ypMfvG3V,85,43242,64.78,96.47,1,0,N,N
185,1674739155517,Q6ARnjw1ypMfvG3V,86,47232,59.09,95.9,1,0,N,N
186,1674739230256,Q6ARnjw1ypMfvG3V,87,121100,14.75,91.47,1,0,N,N
187,1674739529649,Q6ARnjw1ypMfvG3V,89,124467,14.86,91.48,1,0,N,N
188,1674739884845,Q6ARnjw1ypMfvG3V,90,54292,57.39,95.73,1,0,N,N
189,1674739991494,Q6ARnjw1ypMfvG3V,91,58538,52.52,95.25,1,0,N,N
190,1674740075250,Q6ARnjw1ypMfvG3V,92,134196,4.59,90.45,1,0,N,N
191,1674740259874,Q6ARnjw1ypMfvG3V,93,112807,26.75,92.67,1,0,N,N
192,1674740435268,Q6ARnjw1ypMfvG3V,94,43655,59.89,95.98,1,0,N,N
193,1674740501079,Q6ARnjw1ypMfvG3V,95,103684,22.37,92.23,1,0,N,N
194,1674740758571,Q6ARnjw1ypMfvG3V,96,179317,69.11,86.91,2,0,M,N
195,1674741078543,Q6ARnjw1ypMfvG3V,97,120850,18.11,91.81,1,0,N,N
196,1674741223487,Q6ARnjw1ypMfvG3V,98,95267,35.59,93.55,1,0,N,N
197,1674741354930,Q6ARnjw1ypMfvG3V,99,181492,70.56,87.05,2,0,M,N
198,1674741594999,Q6ARnjw1ypMfvG3V,100,133974,10.09,91.0,1,0,N,N
199,1674986784298,gBYPxnLW1w3zMahQ,9,51863,55.92,95.59,1,0,N,N
200,1674986853037,gBYPxnLW1w3zMahQ,10,97778,25.54,92.55,1,0,N,N
201,1674986968931,gBYPxnLW1w3zMahQ,11,61086,50.76,95.07,1,0,N,N
202,1674987050009,gBYPxnLW1w3zMahQ,12,97922,27.38,92.73,1,0,N,N
203,1674987168950,gBYPxnLW1w3zMahQ,13,45351,59.57,95.95,1,0,N,N
204,1674987232104,gBYPxnLW1w3zMahQ,14,43121,60.02,96.0,1,0,N,N
205,1674987293575,gBYPxnLW1w3zMahQ,15,122511,17.65,91.76,1,0,N,N
206,1674987434078,gBYPxnLW1w3zMahQ,16,100018,24.78,92.47,1,0,N,N
207,1674987552755,gBYPxnLW1w3zMahQ,17,54606,54.24,95.42,1,0,N,N
208,1674987625721,gBYPxnLW1w3zMahQ,18,123881,13.33,91.33,1,0,N,N
209,1674987786125,gBYPxnLW1w3zMahQ,19,180598,67.52,86.75,2,0,R,N
210,1674988407847,gBYPxnLW1w3zMahQ,20,133684,11.46,91.14,1,0,N,N
211,1674988577993,gBYPxnLW1w3zMahQ,21,113470,20.36,92.03,1,0,N,N
212,1674988713416,gBYPxnLW1w3zMahQ,22,94436,26.35,92.63,1,0,N,N
213,1674988826821,gBYPxnLW1w3zMahQ,23,60832,52.82,95.28,1,0,N,N
214,1674988906491,gBYPxnLW1w3zMahQ,24,54351,52.22,95.22,1,0,N,N
215,1674988980565,gBYPxnLW1w3zMahQ,25,114921,12.86,91.28,1,0,N,N
216,1674989118738,gBYPxnLW1w3zMahQ,26,58994,52.25,95.22,1,0,N,N
217,1674989197185,gBYPxnLW1w3zMahQ,27,121799,13.93,91.39,1,0,N,N
218,1674989338753,gBYPxnLW1w3zMahQ,28,133819,3.89,90.38,1,0,N,N
219,1674989515321,gBYPxnLW1w3zMahQ,29,45400,58.81,95.88,1,0,N,N
220,1674989583317,gBYPxnLW1w3zMahQ,30,182143,66.68,86.66,2,0,R,N
221,1674989795778,gBYPxnLW1w3zMahQ,31,52325,56.1,95.61,1,0,N,N
222,1674990280037,gBYPxnLW1w3zMahQ,33,121102,11.19,91.11,1,0,N,N
223,1674990425679,gBYPxnLW1w3zMahQ,34,42712,65.23,96.52,1,0,N,N
224,1674990485530,gBYPxnLW1w3zMahQ,35,60610,53.28,95.32,1,0,N,N
225,1674990563514,gBYPxnLW1w3zMahQ,36,113721,17.67,91.76,1,0,N,N
226,1674990777510,gBYPxnLW1w3zMahQ,37,117469,14.28,91.42,1,0,N,N
227,1674990917313,gBYPxnLW1w3zMahQ,38,180053,67.59,86.75,2,0,M,N
228,1674991125959,gBYPxnLW1w3zMahQ,39,181456,76.25,87.62,2,0,R,N
229,1674991367634,gBYPxnLW1w3zMahQ,40,118988,17.06,91.7,1,0,N,N
230,1674991505949,gBYPxnLW1w3zMahQ,41,117253,14.06,91.4,1,0,N,N
231,1674991659728,gBYPxnLW1w3zMahQ,42,43076,61.89,96.18,1,0,N,N
232,1674992065973,gBYPxnLW1w3zMahQ,44,179550,68.83,86.88,2,0,M,N
233,1674992343905,gBYPxnLW1w3zMahQ,45,38648,65.63,96.56,1,0,N,N
234,1674992403538,gBYPxnLW1w3zMahQ,46,56186,53.44,95.34,1,0,N,N
235,1674992478522,gBYPxnLW1w3zMahQ,47,63983,49.91,94.99,1,0,N,N
236,1674992560932,gBYPxnLW1w3zMahQ,48,49849,58.86,95.88,1,0,N,N
237,1674992642082,gBYPxnLW1w3zMahQ,49,79532,47.49,94.74,1,0,N,N
238,1674992809901,gBYPxnLW1w3zMahQ,50,57926,52.36,95.23,1,0,N,N
239,1674992920190,gBYPxnLW1w3zMahQ,51,133929,0.56,90.05,1,0,N,N
240,1674993073466,gBYPxnLW1w3zMahQ,52,33833,100.0,100.0,1,0,N,N
241,1674993308215,gBYPxnLW1w3zMahQ,53,68404,45.33,94.53,1,0,N,N
242,1674993396990,gBYPxnLW1w3zMahQ,54,110299,22.53,92.25,1,0,N,N
243,1674993525720,gBYPxnLW1w3zMahQ,55,180173,66.34,86.63,2,0,M,N
244,1674993728059,gBYPxnLW1w3zMahQ,56,52386,57.0,95.7,1,0,N,N
245,1674993799119,gBYPxnLW1w3zMahQ,57,189049,66.75,86.67,2,0,R,N
246,1674994893018,gBYPxnLW1w3zMahQ,58,112832,16.18,91.61,1,0,N,N
247,1674995024046,gBYPxnLW1w3zMahQ,59,133566,1.94,90.19,1,0,N,N
248,1674995175376,gBYPxnLW1w3zMahQ,60,105091,19.42,91.94,1,0,N,N
249,1674995298333,gBYPxnLW1w3zMahQ,61,191502,71.82,87.18,2,0,M,N
250,1674995517516,gBYPxnLW1w3zMahQ,62,49039,56.69,95.66,1,0,N,N
251,1674995585317,gBYPxnLW1w3zMahQ,63,97884,25.89,92.58,1,0,N,N
252,1674995730983,gBYPxnLW1w3zMahQ,64,99723,22.22,92.22,1,0,N,N
253,1674995851363,gBYPxnLW1w3zMahQ,65,188009,67.78,86.77,2,0,M,N
254,1674996415453,gBYPxnLW1w3zMahQ,66,63772,48.42,94.84,1,0,N,N
255,1674996505126,gBYPxnLW1w3zMahQ,67,65201,49.44,94.94,1,0,N,N
256,1674996588446,gBYPxnLW1w3zMahQ,68,116760,15.65,91.56,1,0,N,N
257,1674996726753,gBYPxnLW1w3zMahQ,69,98040,25.1,92.51,1,0,N,N
258,1674996843752,gBYPxnLW1w3zMahQ,70,110935,21.52,92.15,1,0,N,N
259,1674997004172,gBYPxnLW1w3zMahQ,71,100588,24.29,92.42,1,0,N,N
260,1674997127212,gBYPxnLW1w3zMahQ,72,60511,50.82,95.08,1,0,N,N
261,1674997216305,gBYPxnLW1w3zMahQ,73,103882,26.32,92.63,1,0,N,N
262,1674997338402,gBYPxnLW1w3zMahQ,74,108406,21.11,92.11,1,0,N,N
263,1674997472016,gBYPxnLW1w3zMahQ,75,133899,2.86,90.28,1,0,N,N
264,1674997626036,gBYPxnLW1w3zMahQ,76,102730,23.58,92.35,1,0,N,N
265,1674998416240,gBYPxnLW1w3zMahQ,77,52274,53.66,95.36,1,0,N,N
266,1674998491282,gBYPxnLW1w3zMahQ,78,133822,0.73,90.07,1,0,N,N
267,1674998671229,gBYPxnLW1w3zMahQ,79,108122,18.03,91.8,1,0,N,N
268,1674998808439,gBYPxnLW1w3zMahQ,80,192510,66.75,86.67,2,0,M,N
269,1674999046787,gBYPxnLW1w3zMahQ,81,125163,14.35,91.43,1,0,N,N
270,1674999204068,gBYPxnLW1w3zMahQ,82,134016,1.53,90.15,1,0,N,N
271,1674999357734,gBYPxnLW1w3zMahQ,83,94716,24.32,92.43,1,0,N,N
272,1674999489540,gBYPxnLW1w3zMahQ,84,133895,1.98,90.19,1,0,N,N
273,1674999644802,gBYPxnLW1w3zMahQ,85,114458,15.67,91.56,1,0,N,N
274,1675000175140,gBYPxnLW1w3zMahQ,86,47144,56.66,95.66,1,0,N,N
275,1675000242463,gBYPxnLW1w3zMahQ,87,180457,68.11,86.81,2,0,R,N
276,1675000475111,gBYPxnLW1w3zMahQ,88,54364,54.9,95.49,1,0,N,N
277,1675000546249,gBYPxnLW1w3zMahQ,89,103875,23.31,92.33,1,0,N,N
278,1675000667303,gBYPxnLW1w3zMahQ,90,50863,56.29,95.62,1,0,N,N
279,1675000735570,gBYPxnLW1w3zMahQ,91,122983,9.92,90.99,1,0,N,N
280,1675073132008,GgNaRmYM6tPwKz4T,12,133993,0.18,90.01,1,0,N,N
281,1675073290600,GgNaRmYM6tPwKz4T,13,63378,48.51,94.85,1,0,N,N
282,1675073371258,GgNaRmYM6tPwKz4T,14,181498,71.8,87.18,2,0,R,N
283,1675073597694,GgNaRmYM6tPwKz4T,15,189731,67.46,86.74,2,0,R,N
284,1675073912849,GgNaRmYM6tPwKz4T,16,47986,58.05,95.8,1,0,N,N
285,1675073982814,GgNaRmYM6tPwKz4T,17,191463,67.11,86.71,2,0,M,N
286,1675074228519,GgNaRmYM6tPwKz4T,18,64781,48.38,94.83,1,0,N,N
287,1675074311727,GgNaRmYM6tPwKz4T,19,38857,66.58,96.65,1,0,N,N
288,1675074916859,GgNaRmYM6tPwKz4T,22,63530,48.27,94.82,1,0,N,N
289,1675075003762,GgNaRmYM6tPwKz4T,23,54501,55.1,95.51,1,0,N,N
290,1675075095704,GgNaRmYM6tPwKz4T,24,73976,48.02,94.8,1,0,N,N
291,1675075196353,GgNaRmYM6tPwKz4T,25,133886,0.14,90.01,1,0,N,N
292,1675075358031,GgNaRmYM6tPwKz4T,26,106274,19.45,91.94,1,0,N,N
293,1675075490585,GgNaRmYM6tPwKz4T,27,39607,63.53,96.35,1,0,N,N
294,1675075549865,GgNaRmYM6tPwKz4T,28,112852,14.81,91.48,1,0,N,N
295,1675075680693,GgNaRmYM6tPwKz4T,29,189585,66.78,86.67,2,0,R,N
296,1675076027687,GgNaRmYM6tPwKz4T,30,188784,67.86,86.78,2,0,R,N
297,1675076267495,GgNaRmYM6tPwKz4T,32,34150,99.94,99.99,1,0,N,N
298,1675076704212,GgNaRmYM6tPwKz4T,34,116513,13.2,91.32,1,0,N,N
299,1675076841621,GgNaRmYM6tPwKz4T,35,103937,21.45,92.14,1,0,N,N
300,1675076964243,GgNaRmYM6tPwKz4T,36,89959,30.56,93.05,1,0,N,N
301,1675077069664,GgNaRmYM6tPwKz4T,37,96902,25.53,92.55,1,0,N,N
302,1675077216816,GgNaRmYM6tPwKz4T,38,106105,22.81,92.28,1,0,N,N
303,1675077341423,GgNaRmYM6tPwKz4T,39,63361,48.86,94.88,1,0,N,N
304,1675077423871,GgNaRmYM6tPwKz4T,40,131583,1.7,90.17,1,0,N,N
305,1675077577202,GgNaRmYM6tPwKz4T,41,192450,66.9,86.69,2,0,M,N
306,1675078263650,GgNaRmYM6tPwKz4T,43,54269,52.99,95.29,1,0,N,N
307,1675078336397,GgNaRmYM6tPwKz4T,44,102146,23.13,92.31,1,0,N,N
308,1675078462252,GgNaRmYM6tPwKz4T,45,191013,66.66,86.66,2,0,R,N
309,1675078694687,GgNaRmYM6tPwKz4T,46,49691,56.69,95.66,1,0,N,N
310,1675078763797,GgNaRmYM6tPwKz4T,47,200907,66.76,86.67,2,0,R,N
311,1675079367121,GgNaRmYM6tPwKz4T,48,110269,21.92,92.19,1,0,N,N
312,1675079500246,GgNaRmYM6tPwKz4T,49,116953,12.78,91.27,1,0,N,N
313,1675079652644,GgNaRmYM6tPwKz4T,50,64312,49.22,94.92,1,0,N,N
314,1675079742482,GgNaRmYM6tPwKz4T,51,48340,58.13,95.81,1,0,N,N
315,1675079812955,GgNaRmYM6tPwKz4T,52,176906,65.7,86.57,2,0,M,N
316,1675080021697,GgNaRmYM6tPwKz4T,53,101343,22.96,92.29,1,0,N,N
317,1675080181612,GgNaRmYM6tPwKz4T,54,40696,63.59,96.35,1,0,N,N
318,1675080246455,GgNaRmYM6tPwKz4T,55,108995,19.2,91.92,1,0,N,N
319,1675080379309,GgNaRmYM6tPwKz4T,56,104299,20.58,92.05,1,0,N,N
320,1675080505739,GgNaRmYM6tPwKz4T,57,133752,11.22,91.12,1,0,N,N
321,1675081625193,GgNaRmYM6tPwKz4T,58,134416,0.07,90.0,1,0,N,N
322,1675081787890,GgNaRmYM6tPwKz4T,59,48785,57.56,95.75,1,0,N,N
323,1675081852649,GgNaRmYM6tPwKz4T,60,118775,10.26,91.02,1,0,N,N
324,1675081989396,GgNaRmYM6tPwKz4T,61,110585,17.48,91.74,1,0,N,N
325,1675082119277,GgNaRmYM6tPwKz4T,62,193051,69.82,86.98,2,0,M,N
326,1675082337490,GgNaRmYM6tPwKz4T,63,180260,69.94,86.99,2,0,R,N
327,1675082538299,GgNaRmYM6tPwKz4T,64,104113,20.84,92.08,1,0,N,N
328,1675083066446,GgNaRmYM6tPwKz4T,66,198672,67.55,86.75,2,0,R,N
329,1675083289973,GgNaRmYM6tPwKz4T,67,54872,52.18,95.21,1,0,N,N
330,1675083362299,GgNaRmYM6tPwKz4T,68,186045,64.81,86.48,2,0,M,N
331,1675083566028,GgNaRmYM6tPwKz4T,69,78183,38.52,93.85,1,0,N,N
332,1675083662974,GgNaRmYM6tPwKz4T,70,103097,21.93,92.19,1,0,N,N
333,1675083788125,GgNaRmYM6tPwKz4T,71,43160,59.66,95.96,1,0,N,N
334,1675083851922,GgNaRmYM6tPwKz4T,72,107599,19.65,91.96,1,0,N,N
335,1675084012284,GgNaRmYM6tPwKz4T,73,64358,51.47,95.14,1,0,N,N
336,1675084094764,GgNaRmYM6tPwKz4T,74,76213,42.95,94.29,1,0,N,N
337,1675084213661,GgNaRmYM6tPwKz4T,75,38814,66.56,96.65,1,0,N,N
338,1675084762267,GgNaRmYM6tPwKz4T,77,51966,55.78,95.57,1,0,N,N
339,1675084832611,GgNaRmYM6tPwKz4T,78,43685,58.34,95.83,1,0,N,N
340,1675084906840,GgNaRmYM6tPwKz4T,79,60896,49.76,94.97,1,0,N,N
341,1675084986564,GgNaRmYM6tPwKz4T,80,70047,45.53,94.55,1,0,N,N
342,1675085097696,GgNaRmYM6tPwKz4T,81,110460,19.65,91.96,1,0,N,N
343,1675085227479,GgNaRmYM6tPwKz4T,82,119109,8.81,90.88,1,0,N,N
344,1675085364706,GgNaRmYM6tPwKz4T,83,176442,66.77,86.67,2,0,M,N
345,1675085568155,GgNaRmYM6tPwKz4T,84,113270,16.53,91.65,1,0,N,N
346,1675085702113,GgNaRmYM6tPwKz4T,85,60545,53.09,95.3,1,0,N,N
347,1675085784243,GgNaRmYM6tPwKz4T,86,189089,66.85,86.68,2,0,M,N
348,1675086035282,GgNaRmYM6tPwKz4T,87,279653,56.69,85.66,2,0,R,N
349,1675086824160,GgNaRmYM6tPwKz4T,88,60958,48.93,94.89,1,0,N,N
350,1675086904089,GgNaRmYM6tPwKz4T,89,50681,57.47,95.74,1,0,N,N
351,1675086974858,GgNaRmYM6tPwKz4T,90,192117,70.76,87.07,2,0,M,N
352,1675087234191,GgNaRmYM6tPwKz4T,91,97682,22.7,92.27,1,0,N,N
353,1675087357357,GgNaRmYM6tPwKz4T,92,97388,26.31,92.63,1,0,N,N
354,1675087524707,GgNaRmYM6tPwKz4T,93,197769,66.18,86.61,2,0,R,N
355,1675088215307,GgNaRmYM6tPwKz4T,95,61490,49.88,94.98,1,0,N,N
356,1675245956049,G7WhmzYD9RBXKdQc,1,76341,40.82,94.08,1,0,N,N
357,1675246057529,G7WhmzYD9RBXKdQc,2,52068,55.62,95.56,1,0,N,N
358,1675246130678,G7WhmzYD9RBXKdQc,3,108782,22.42,92.24,1,0,N,N
359,1675246257374,G7WhmzYD9RBXKdQc,4,38458,63.91,96.39,1,0,N,N
360,1675246315931,G7WhmzYD9RBXKdQc,5,191110,71.33,87.13,2,0,M,N
361,1675246612730,G7WhmzYD9RBXKdQc,6,133922,0.95,90.09,1,0,N,N
362,1675246768720,G7WhmzYD9RBXKdQc,7,188628,72.08,87.2,2,0,R,N
363,1675246998976,G7WhmzYD9RBXKdQc,8,114452,16.21,91.62,1,0,N,N
364,1675247138740,G7WhmzYD9RBXKdQc,9,37838,65.32,96.53,1,0,N,N
365,1675247691521,G7WhmzYD9RBXKdQc,11,40544,64.96,96.49,1,0,N,N
366,1675247750063,G7WhmzYD9RBXKdQc,12,189559,67.6,86.76,2,0,M,N
367,1675248064874,G7WhmzYD9RBXKdQc,13,108802,19.48,91.94,1,0,N,N
368,1675248201935,G7WhmzYD9RBXKdQc,14,114910,14.23,91.42,1,0,N,N
369,1675248522598,G7WhmzYD9RBXKdQc,15,192760,66.5,86.65,2,0,M,N
370,1675248734888,G7WhmzYD9RBXKdQc,16,110733,20.73,92.07,1,0,N,N
371,1675249010974,G7WhmzYD9RBXKdQc,17,188201,65.63,86.56,2,0,M,N
372,1675249232565,G7WhmzYD9RBXKdQc,18,108975,23.4,92.34,1,0,N,N
373,1675249359766,G7WhmzYD9RBXKdQc,19,37306,66.28,96.62,1,0,N,N
374,1675249471582,G7WhmzYD9RBXKdQc,21,193070,66.94,86.69,2,0,R,N
375,1675249708562,G7WhmzYD9RBXKdQc,22,102796,21.76,92.17,1,0,N,N
376,1675249828614,G7WhmzYD9RBXKdQc,23,207099,66.62,86.66,2,0,R,N
377,1675250548970,G7WhmzYD9RBXKdQc,26,109992,22.29,92.22,1,0,N,N
378,1675250677216,G7WhmzYD9RBXKdQc,27,134102,0.04,90.0,1,0,N,N
379,1675250849862,G7WhmzYD9RBXKdQc,28,176654,66.82,86.68,2,0,M,N
380,1675251090825,G7WhmzYD9RBXKdQc,30,38942,65.91,96.59,1,0,N,N
381,1675251160114,G7WhmzYD9RBXKdQc,31,71072,44.54,94.45,1,0,N,N
382,1675251249142,G7WhmzYD9RBXKdQc,32,133622,9.34,90.93,1,0,N,N
383,1675251786711,G7WhmzYD9RBXKdQc,34,93457,25.33,92.53,1,0,N,N
384,1675251902710,G7WhmzYD9RBXKdQc,35,121112,10.27,91.02,1,0,N,N
385,1675252047647,G7WhmzYD9RBXKdQc,36,97887,25.34,92.53,1,0,N,N
386,1675252163459,G7WhmzYD9RBXKdQc,37,51509,57.23,95.72,1,0,N,N
387,1675252235917,G7WhmzYD9RBXKdQc,38,189465,65.67,86.56,2,0,M,N
388,1675252448662,G7WhmzYD9RBXKdQc,39,123930,9.93,90.99,1,0,N,N
389,1675252594615,G7WhmzYD9RBXKdQc,40,175176,66.52,86.65,2,0,R,N
390,1675253783184,G7WhmzYD9RBXKdQc,43,108893,15.9,91.59,1,0,N,N
391,1675253916782,G7WhmzYD9RBXKdQc,44,187794,65.55,86.55,2,0,R,N
392,1675254145227,G7WhmzYD9RBXKdQc,45,58583,55.03,95.5,1,0,N,N
393,1675254236707,G7WhmzYD9RBXKdQc,46,179952,65.08,86.5,2,0,M,N
394,1675254520848,G7WhmzYD9RBXKdQc,47,54384,54.08,95.4,1,0,N,N
395,1675254599302,G7WhmzYD9RBXKdQc,48,47999,57.55,95.75,1,0,N,N
396,1675254668858,G7WhmzYD9RBXKdQc,49,61084,48.23,94.82,1,0,N,N
397,1675254905845,G7WhmzYD9RBXKdQc,50,52009,56.25,95.62,1,0,N,N
398,1675254987178,G7WhmzYD9RBXKdQc,51,43013,62.91,96.29,1,0,N,N
399,1675255048323,G7WhmzYD9RBXKdQc,52,189976,66.4,86.64,2,0,R,N
400,1675255656531,G7WhmzYD9RBXKdQc,53,66506,46.2,94.62,1,0,N,N
401,1675255759006,G7WhmzYD9RBXKdQc,54,71217,42.6,94.26,1,0,N,N
402,1675255849519,G7WhmzYD9RBXKdQc,55,191199,70.52,87.05,2,0,R,N
403,1675256165327,G7WhmzYD9RBXKdQc,57,175766,66.03,86.6,2,0,M,N
404,1675256374873,G7WhmzYD9RBXKdQc,58,189495,64.22,86.42,2,0,R,N
405,1675256799513,G7WhmzYD9RBXKdQc,60,112839,13.69,91.36,1,0,N,N
406,1675256930776,G7WhmzYD9RBXKdQc,61,50957,58.46,95.84,1,0,N,N
407,1675257186123,G7WhmzYD9RBXKdQc,62,181134,65.4,86.54,2,0,M,N
408,1675257389446,G7WhmzYD9RBXKdQc,63,190267,65.14,86.51,2,0,R,N
409,1675257854372,G7WhmzYD9RBXKdQc,64,94225,29.1,92.91,1,0,N,N
410,1675257967460,G7WhmzYD9RBXKdQc,65,190521,64.95,86.49,2,0,R,N
411,1675258223105,G7WhmzYD9RBXKdQc,66,59641,52.39,95.23,1,0,N,N
412,1675258300615,G7WhmzYD9RBXKdQc,67,43037,67.16,96.71,1,0,N,N
413,1675258361394,G7WhmzYD9RBXKdQc,68,251709,41.84,84.18,2,0,R,N
414,1675258758803,G7WhmzYD9RBXKdQc,69,51972,53.31,95.33,1,0,N,N
415,1675258828808,G7WhmzYD9RBXKdQc,70,110975,17.1,91.71,1,0,N,N
416,1675258958287,G7WhmzYD9RBXKdQc,71,112866,16.29,91.62,1,0,N,N
417,1675259091773,G7WhmzYD9RBXKdQc,72,133960,1.25,90.12,1,0,N,N
418,1675259245481,G7WhmzYD9RBXKdQc,73,106288,19.05,91.9,1,0,N,N
419,1675259369999,G7WhmzYD9RBXKdQc,74,39685,63.08,96.3,1,0,N,N
420,1675259436259,G7WhmzYD9RBXKdQc,75,133630,10.65,91.06,1,0,N,N
421,1675332397306,tTfbNLpAzXhn49x7,1,109552,17.94,91.79,1,0,N,N
422,1675332568437,tTfbNLpAzXhn49x7,2,40731,63.49,96.34,1,0,N,N
423,1675332631307,tTfbNLpAzXhn49x7,3,111815,19.73,91.97,1,0,N,N
424,1675332760925,tTfbNLpAzXhn49x7,4,179853,66.07,86.6,2,0,M,N
425,1675332959627,tTfbNLpAzXhn49x7,5,133854,5.8,90.58,1,0,N,N
426,1675333112057,tTfbNLpAzXhn49x7,6,204878,67.01,86.7,2,0,R,N
427,1675333340240,tTfbNLpAzXhn49x7,7,51998,58.71,95.87,1,0,N,N
428,1675333413645,tTfbNLpAzXhn49x7,8,191425,64.8,86.48,2,0,M,N
429,1675334026809,tTfbNLpAzXhn49x7,9,197795,65.03,86.5,2,0,R,N
430,1675334262154,tTfbNLpAzXhn49x7,10,68418,44.16,94.41,1,0,N,N
431,1675334354457,tTfbNLpAzXhn49x7,11,202322,63.36,86.33,2,0,M,N
432,1675334640230,tTfbNLpAzXhn49x7,12,123853,7.07,90.7,1,0,N,N
433,1675334781824,tTfbNLpAzXhn49x7,13,114066,13.42,91.34,1,0,N,N
434,1675334925823,tTfbNLpAzXhn49x7,14,134308,6.47,90.64,1,0,N,N
435,1675335078804,tTfbNLpAzXhn49x7,15,94275,27.28,92.72,1,0,N,N
436,1675335203162,tTfbNLpAzXhn49x7,16,191810,66.01,86.6,2,0,M,N
437,1675335720570,tTfbNLpAzXhn49x7,17,51992,58.69,95.86,1,0,N,N
438,1675335790208,tTfbNLpAzXhn49x7,18,52242,53.61,95.36,1,0,N,N
439,1675335859782,tTfbNLpAzXhn49x7,19,124459,13.52,91.35,1,0,N,N
440,1675336016389,tTfbNLpAzXhn49x7,20,54377,52.37,95.23,1,0,N,N
441,1675336131881,tTfbNLpAzXhn49x7,21,241333,53.97,85.39,2,0,R,N
442,1675336425440,tTfbNLpAzXhn49x7,22,180862,64.42,86.44,2,0,R,N
443,1675336919406,tTfbNLpAzXhn49x7,24,275138,56.35,85.63,2,0,R,N
444,1675337327907,tTfbNLpAzXhn49x7,25,198220,64.92,86.49,2,0,M,N
445,1675337794923,tTfbNLpAzXhn49x7,26,201213,64.64,86.46,2,0,M,N
446,1675338023755,tTfbNLpAzXhn49x7,27,126095,17.06,91.7,1,0,N,N
447,1675338545157,tTfbNLpAzXhn49x7,28,129130,20.07,92.0,1,0,N,N
448,1675338704083,tTfbNLpAzXhn49x7,29,107563,18.72,91.87,1,0,N,N
449,1675338831894,tTfbNLpAzXhn49x7,30,109088,20.75,92.07,1,0,N,N
450,1675338962344,tTfbNLpAzXhn49x7,31,49553,59.37,95.93,1,0,N,N
451,1675340126650,tTfbNLpAzXhn49x7,33,38319,63.78,96.37,1,0,N,N
452,1675340183409,tTfbNLpAzXhn49x7,34,59627,49.23,94.92,1,0,N,N
453,1675340261652,tTfbNLpAzXhn49x7,35,66990,46.7,94.67,1,0,N,N
454,1675340345340,tTfbNLpAzXhn49x7,36,121874,11.24,91.12,1,0,N,N
455,1675340484631,tTfbNLpAzXhn49x7,37,205371,77.93,87.79,2,0,R,N
456,1675340715559,tTfbNLpAzXhn49x7,38,52050,57.4,95.74,1,0,N,N
457,1675340786628,tTfbNLpAzXhn49x7,39,123872,6.62,90.66,1,0,N,N
458,1675340933557,tTfbNLpAzXhn49x7,40,124540,14.03,91.4,1,0,N,N
459,1675341091714,tTfbNLpAzXhn49x7,41,190367,64.58,86.45,2,0,R,N
460,1675341306205,tTfbNLpAzXhn49x7,42,133933,0.43,90.04,1,0,N,N
461,1675341463708,tTfbNLpAzXhn49x7,43,110197,20.88,92.08,1,0,N,N
462,1675341889008,tTfbNLpAzXhn49x7,44,199670,64.36,86.43,2,0,M,N
463,1675342119488,tTfbNLpAzXhn49x7,45,134130,0.52,90.05,1,0,N,N
464,1675342273116,tTfbNLpAzXhn49x7,46,189559,76.39,87.63,2,0,R,N
465,1675342487170,tTfbNLpAzXhn49x7,47,48218,57.79,95.77,1,0,N,N
466,1675342554075,tTfbNLpAzXhn49x7,48,45519,59.64,95.96,1,0,N,N
467,1675342623372,tTfbNLpAzXhn49x7,49,196499,64.89,86.48,2,0,R,N
468,1675342841597,tTfbNLpAzXhn49x7,50,133959,0.71,90.07,1,0,N,N
469,1675342996350,tTfbNLpAzXhn49x7,51,119191,10.99,91.09,1,0,N,N
470,1675343135696,tTfbNLpAzXhn49x7,52,109655,19.92,91.99,1,0,N,N
471,1675343570280,tTfbNLpAzXhn49x7,53,110254,17.77,91.77,1,0,N,N
472,1675343713831,tTfbNLpAzXhn49x7,54,47582,58.28,95.82,1,0,N,N
473,1675343777877,tTfbNLpAzXhn49x7,55,206384,65.09,86.5,2,0,R,N
474,1675344054439,tTfbNLpAzXhn49x7,56,190497,65.85,86.58,2,0,M,N
475,1675344353343,tTfbNLpAzXhn49x7,58,239853,51.0,85.1,2,0,M,N
476,1675344698365,tTfbNLpAzXhn49x7,59,191259,64.05,86.4,2,0,R,N
477,1675345257800,tTfbNLpAzXhn49x7,60,54918,54.38,95.43,1,0,N,N
478,1675345334216,tTfbNLpAzXhn49x7,61,110357,19.28,91.92,1,0,N,N
479,1675345464255,tTfbNLpAzXhn49x7,62,59391,51.03,95.1,1,0,N,N
480,1675345561952,tTfbNLpAzXhn49x7,63,122783,12.98,91.29,1,0,N,N
481,1675345711241,tTfbNLpAzXhn49x7,64,42978,64.56,96.45,1,0,N,N
482,1675345777450,tTfbNLpAzXhn49x7,65,201387,77.01,87.7,2,0,R,N
483,1675346022632,tTfbNLpAzXhn49x7,66,42342,61.79,96.17,1,0,N,N
484,1675346085008,tTfbNLpAzXhn49x7,67,190273,65.24,86.52,2,0,R,N
485,1675346336027,tTfbNLpAzXhn49x7,68,278134,12.12,81.21,2,0,R,N
486,1675418557288,qPNdxR2Gh1VmYryb,1,247983,40.98,84.09,2,0,R,N
487,1675418837907,qPNdxR2Gh1VmYryb,2,198206,65.31,86.53,2,0,R,N
488,1675419111890,qPNdxR2Gh1VmYryb,3,63364,48.89,94.88,1,0,N,N
489,1675419335012,qPNdxR2Gh1VmYryb,4,115676,12.11,91.21,1,0,N,N
490,1675419474964,qPNdxR2Gh1VmYryb,5,103985,22.03,92.2,1,0,N,N
491,1675419595853,qPNdxR2Gh1VmYryb,6,114208,15.02,91.5,1,0,N,N
492,1675419731519,qPNdxR2Gh1VmYryb,7,38618,62.69,96.26,1,0,N,N
493,1675420079053,qPNdxR2Gh1VmYryb,8,191911,64.19,86.41,2,0,M,N
494,1675420293823,qPNdxR2Gh1VmYryb,9,109238,16.55,91.65,1,0,N,N
495,1675420420193,qPNdxR2Gh1VmYryb,10,241382,40.45,84.04,2,0,M,N
496,1675420683483,qPNdxR2Gh1VmYryb,11,109794,17.31,91.73,1,0,N,N
497,1675420813084,qPNdxR2Gh1VmYryb,12,94138,25.95,92.59,1,0,N,N
498,1675421294206,qPNdxR2Gh1VmYryb,13,192645,65.23,86.52,2,0,M,N
499,1675421531154,qPNdxR2Gh1VmYryb,14,294705,100.0,80.0,3,0,R,N
500,1675422149425,qPNdxR2Gh1VmYryb,15,117785,11.25,91.12,1,0,N,N
501,1675422287192,qPNdxR2Gh1VmYryb,16,306302,100.0,80.0,3,0,M,N
502,1675423108551,qPNdxR2Gh1VmYryb,17,200988,65.46,86.54,2,0,R,N
503,1675423339544,qPNdxR2Gh1VmYryb,18,97891,26.6,92.66,1,0,N,N
504,1675423456457,qPNdxR2Gh1VmYryb,19,103915,23.87,92.38,1,0,N,N
505,1675423582453,qPNdxR2Gh1VmYryb,20,133626,6.88,90.68,1,0,N,N
506,1675423736178,qPNdxR2Gh1VmYryb,21,190010,64.13,86.41,2,0,R,N
507,1675423976408,qPNdxR2Gh1VmYryb,22,192134,63.55,86.35,2,0,R,N
508,1675424622756,qPNdxR2Gh1VmYryb,25,73644,46.85,94.68,1,0,N,N
509,1675424714415,qPNdxR2Gh1VmYryb,26,112070,17.47,91.74,1,0,N,N
510,1675424843827,qPNdxR2Gh1VmYryb,27,192093,63.35,86.33,2,0,R,N
511,1675425087074,qPNdxR2Gh1VmYryb,28,94024,28.2,92.82,1,0,N,N
512,1675425235242,qPNdxR2Gh1VmYryb,29,61200,50.25,95.02,1,0,N,N
513,1675425322375,qPNdxR2Gh1VmYryb,30,54392,54.26,95.42,1,0,N,N
514,1675425394477,qPNdxR2Gh1VmYryb,31,57743,51.54,95.15,1,0,N,N
515,1675425476797,qPNdxR2Gh1VmYryb,32,52302,58.0,95.8,1,0,N,N
516,1675425550647,qPNdxR2Gh1VmYryb,33,112777,21.48,92.14,1,0,N,N
517,1675591505472,zRWvxfkXqprK2hNg,1,189770,64.97,86.49,2,0,M,N
518,1675591713672,zRWvxfkXqprK2hNg,2,217912,60.3,86.03,2,0,M,N
519,1675591951586,zRWvxfkXqprK2hNg,3,278717,51.91,85.19,2,0,R,N
520,1675592293809,zRWvxfkXqprK2hNg,4,189016,66.33,86.63,2,0,M,N
521,1675592502425,zRWvxfkXqprK2hNg,5,41371,65.63,96.56,1,0,N,N
522,1675592561360,zRWvxfkXqprK2hNg,6,106131,23.72,92.37,1,0,N,N
523,1675592688635,zRWvxfkXqprK2hNg,7,190452,64.58,86.45,2,0,M,N
524,1675593189559,zRWvxfkXqprK2hNg,8,198700,63.49,86.34,2,0,R,N
525,1675593460337,zRWvxfkXqprK2hNg,10,108048,20.15,92.01,1,0,N,N
526,1675593586405,zRWvxfkXqprK2hNg,11,189429,64.83,86.48,2,0,M,N
527,1675593806548,zRWvxfkXqprK2hNg,12,211154,63.63,86.36,2,0,R,N
528,1675594039226,zRWvxfkXqprK2hNg,13,184891,64.62,86.46,2,0,M,N
529,1675594418956,zRWvxfkXqprK2hNg,15,196716,64.72,86.47,2,0,M,N
530,1675595185475,zRWvxfkXqprK2hNg,17,251463,35.69,83.56,2,0,R,N
531,1675595507509,zRWvxfkXqprK2hNg,18,189277,63.04,86.3,2,0,M,N
532,1675595716537,zRWvxfkXqprK2hNg,19,38723,64.55,96.45,1,0,N,N
533,1675595773093,zRWvxfkXqprK2hNg,20,196824,64.01,86.4,2,0,M,N
534,1675596032788,zRWvxfkXqprK2hNg,23,50213,58.72,95.87,1,0,N,N
535,1675596110048,zRWvxfkXqprK2hNg,24,98213,21.93,92.19,1,0,N,N
536,1675596227583,zRWvxfkXqprK2hNg,25,228080,58.82,85.88,2,0,M,N
537,1675596866677,zRWvxfkXqprK2hNg,26,112828,14.25,91.42,1,0,N,N
538,1675597000429,zRWvxfkXqprK2hNg,27,133949,0.03,90.0,1,0,N,N
539,1675597153033,zRWvxfkXqprK2hNg,28,133049,1.96,90.19,1,0,N,N
540,1675597339107,zRWvxfkXqprK2hNg,29,112794,14.76,91.47,1,0,N,N
541,1675597471928,zRWvxfkXqprK2hNg,30,186328,82.08,88.2,2,0,R,N
542,1675597677034,zRWvxfkXqprK2hNg,31,193798,66.24,86.62,2,0,M,N
543,1675597893662,zRWvxfkXqprK2hNg,32,280386,33.39,83.33,2,0,R,N
544,1675598265131,zRWvxfkXqprK2hNg,33,190569,63.1,86.31,2,0,M,N
545,1675599245687,zRWvxfkXqprK2hNg,34,75414,40.61,94.06,1,0,N,N
546,1675599344653,zRWvxfkXqprK2hNg,35,58625,51.64,95.16,1,0,N,N
547,1675599441519,zRWvxfkXqprK2hNg,36,47407,57.74,95.77,1,0,N,N
548,1675599509824,zRWvxfkXqprK2hNg,37,197219,63.56,86.35,2,0,R,N
549,1675599726621,zRWvxfkXqprK2hNg,38,119851,11.3,91.13,1,0,N,N
550,1675599865253,zRWvxfkXqprK2hNg,39,99775,23.45,92.34,1,0,N,N
551,1675599984140,zRWvxfkXqprK2hNg,40,112800,12.51,91.25,1,0,N,N
552,1675600116312,zRWvxfkXqprK2hNg,41,112804,19.68,91.96,1,0,N,N
553,1675600592910,zRWvxfkXqprK2hNg,42,52094,55.41,95.54,1,0,N,N
554,1675600665807,zRWvxfkXqprK2hNg,43,115011,14.63,91.46,1,0,N,N
555,1675600802523,zRWvxfkXqprK2hNg,44,59277,52.55,95.25,1,0,N,N
556,1675600894841,zRWvxfkXqprK2hNg,45,191790,65.19,86.51,2,0,M,N
557,1675601126406,zRWvxfkXqprK2hNg,46,107726,19.35,91.93,1,0,N,N
558,1675601263866,zRWvxfkXqprK2hNg,47,190381,63.5,86.35,2,0,R,N
559,1675601544710,zRWvxfkXqprK2hNg,48,191139,63.73,86.37,2,0,M,N
560,1675602198058,zRWvxfkXqprK2hNg,50,200519,63.79,86.37,2,0,R,N
561,1675602421530,zRWvxfkXqprK2hNg,51,110022,14.87,91.48,1,0,N,N
562,1675602548685,zRWvxfkXqprK2hNg,52,357323,90.85,78.17,3,0,R,R
563,1675603604995,zRWvxfkXqprK2hNg,53,70734,46.31,94.63,1,0,N,N
564,1675603696455,zRWvxfkXqprK2hNg,54,43174,63.59,96.35,1,0,N,N
565,1675603757830,zRWvxfkXqprK2hNg,55,45463,59.24,95.92,1,0,N,N
566,1675603821976,zRWvxfkXqprK2hNg,56,54864,52.42,95.24,1,0,N,N
567,1675603902529,zRWvxfkXqprK2hNg,57,208686,60.3,86.03,2,0,R,N
568,1675677842411,KgDzv9j4PHQfay1V,1,27996,75.27,97.52,1,0,N,N
569,1675677893290,KgDzv9j4PHQfay1V,2,117030,12.8,91.28,1,0,N,N
570,1675678034944,KgDzv9j4PHQfay1V,3,321468,99.52,79.9,3,0,M,B
571,1675678481931,KgDzv9j4PHQfay1V,4,43340,59.79,95.97,1,0,N,N
572,1675678550059,KgDzv9j4PHQfay1V,5,43419,59.04,95.9,1,0,N,N
573,1675678626780,KgDzv9j4PHQfay1V,6,67697,50.51,95.05,1,0,N,N
574,1675678716101,KgDzv9j4PHQfay1V,7,105207,21.11,92.11,1,0,N,N
575,1675678840909,KgDzv9j4PHQfay1V,8,45353,59.85,95.98,1,0,N,N
576,1675678915402,KgDzv9j4PHQfay1V,9,45749,59.09,95.9,1,0,N,N
577,1675678979693,KgDzv9j4PHQfay1V,10,67299,46.65,94.66,1,0,N,N
578,1675679068562,KgDzv9j4PHQfay1V,11,90972,28.31,92.83,1,0,N,N
579,1675679478285,KgDzv9j4PHQfay1V,12,67848,49.29,94.92,1,0,N,N
580,1675679604572,KgDzv9j4PHQfay1V,13,119111,10.8,91.08,1,0,N,N
581,1675679746224,KgDzv9j4PHQfay1V,14,187377,65.23,86.52,2,0,R,N
582,1675679957218,KgDzv9j4PHQfay1V,15,68558,47.98,94.79,1,0,N,N
583,1675680045164,KgDzv9j4PHQfay1V,16,200354,64.72,86.47,2,0,M,N
584,1675680400769,KgDzv9j4PHQfay1V,18,325133,96.28,79.25,3,0,R,R
585,1675681286014,KgDzv9j4PHQfay1V,19,342455,88.97,77.79,3,0,R,R
586,1675681692520,KgDzv9j4PHQfay1V,20,38488,61.99,96.19,1,0,N,N
587,1675681753322,KgDzv9j4PHQfay1V,21,119017,9.61,90.96,1,0,N,N
588,1675681895512,KgDzv9j4PHQfay1V,22,187735,63.23,86.32,2,0,M,N
589,1675682128454,KgDzv9j4PHQfay1V,23,192112,63.48,86.34,2,0,R,N
590,1675682355418,KgDzv9j4PHQfay1V,24,197842,68.94,86.89,2,0,M,N
591,1675683124874,KgDzv9j4PHQfay1V,25,39083,62.54,96.25,1,0,N,N
592,1675683182965,KgDzv9j4PHQfay1V,26,197034,63.94,86.39,2,0,M,N
593,1675683402499,KgDzv9j4PHQfay1V,27,44656,59.7,95.97,1,0,N,N
594,1675683464171,KgDzv9j4PHQfay1V,28,104221,20.58,92.05,1,0,N,N
595,1675683587780,KgDzv9j4PHQfay1V,29,63639,48.29,94.82,1,0,N,N
596,1675683669930,KgDzv9j4PHQfay1V,30,326400,96.0,79.2,3,0,R,R
597,1675684116070,KgDzv9j4PHQfay1V,31,192405,65.32,86.53,2,0,M,N
598,1675684355454,KgDzv9j4PHQfay1V,32,45410,59.03,95.9,1,0,N,N
599,1675684420994,KgDzv9j4PHQfay1V,33,63346,46.83,94.68,1,0,N,N
600,1675684504883,KgDzv9j4PHQfay1V,34,189462,64.9,86.49,2,0,R,N
601,1675684737881,KgDzv9j4PHQfay1V,35,42529,60.05,96.0,1,0,N,N
602,1675685562968,KgDzv9j4PHQfay1V,36,280643,29.43,82.94,2,0,R,N
603,1675685886098,KgDzv9j4PHQfay1V,37,189217,62.98,86.29,2,0,R,N
604,1675686254083,KgDzv9j4PHQfay1V,38,250428,47.58,84.75,2,0,R,N
605,1675686615767,KgDzv9j4PHQfay1V,40,114861,11.98,91.19,1,0,N,N
606,1675686753647,KgDzv9j4PHQfay1V,41,60080,51.79,95.17,1,0,N,N
607,1675686842501,KgDzv9j4PHQfay1V,42,112803,15.65,91.56,1,0,N,N
608,1675686975828,KgDzv9j4PHQfay1V,43,100679,24.24,92.42,1,0,N,N
609,1675687640988,KgDzv9j4PHQfay1V,44,31004,100.0,100.0,1,0,N,N
610,1675687807827,KgDzv9j4PHQfay1V,45,47882,59.93,95.99,1,0,N,N
611,1675687874565,KgDzv9j4PHQfay1V,46,200887,64.24,86.42,2,0,M,N
612,1675688163955,KgDzv9j4PHQfay1V,47,71160,45.64,94.56,1,0,N,N
613,1675688258053,KgDzv9j4PHQfay1V,48,113819,14.05,91.4,1,0,N,N
614,1675688410150,KgDzv9j4PHQfay1V,49,196152,62.69,86.26,2,0,M,N
615,1675688627056,KgDzv9j4PHQfay1V,50,98284,23.45,92.34,1,0,N,N
616,1675688743545,KgDzv9j4PHQfay1V,51,110081,15.44,91.54,1,0,N,N
617,1675688871996,KgDzv9j4PHQfay1V,52,74924,33.54,93.35,1,0,N,N
618,1675689351020,KgDzv9j4PHQfay1V,53,197106,64.35,86.43,2,0,M,N
619,1675689590314,KgDzv9j4PHQfay1V,54,133961,0.11,90.01,1,0,N,N
620,1675689760284,KgDzv9j4PHQfay1V,55,192409,64.27,86.42,2,0,R,N
621,1675689971788,KgDzv9j4PHQfay1V,56,197947,64.8,86.48,2,0,R,N
622,1675690198268,KgDzv9j4PHQfay1V,57,198598,72.32,87.23,2,0,R,N
623,1675690476261,KgDzv9j4PHQfay1V,58,340445,92.49,78.49,3,0,M,R
624,1675691057982,KgDzv9j4PHQfay1V,59,93444,24.47,92.44,1,0,N,N
625,1675691173071,KgDzv9j4PHQfay1V,60,40293,68.62,96.86,1,0,N,N
626,1675691244831,KgDzv9j4PHQfay1V,61,108955,16.03,91.6,1,0,N,N
627,1675691375013,KgDzv9j4PHQfay1V,62,279848,10.71,81.07,2,0,M,N
628,1675850901005,kYvLA2CRwfnGTgHZ,1,102966,20.18,92.01,1,0,N,N
629,1675851022165,kYvLA2CRwfnGTgHZ,2,269050,33.43,83.34,2,0,R,N
630,1675851392704,kYvLA2CRwfnGTgHZ,3,54329,54.67,95.46,1,0,N,N
631,1675851469609,kYvLA2CRwfnGTgHZ,4,191493,69.48,86.94,2,0,R,N
632,1675851870351,kYvLA2CRwfnGTgHZ,5,204270,64.26,86.42,2,0,R,N
633,1675852105597,kYvLA2CRwfnGTgHZ,6,133947,0.05,90.0,1,0,N,N
634,1675852260105,kYvLA2CRwfnGTgHZ,7,348141,86.17,77.23,3,0,R,B
635,1675853133581,kYvLA2CRwfnGTgHZ,8,191013,61.99,86.19,2,0,R,N
636,1675853359442,kYvLA2CRwfnGTgHZ,9,64712,48.67,94.86,1,0,N,N
637,1675853447015,kYvLA2CRwfnGTgHZ,10,189069,64.9,86.49,2,0,M,N
638,1675853699562,kYvLA2CRwfnGTgHZ,11,94263,27.4,92.74,1,0,N,N
639,1675853820842,kYvLA2CRwfnGTgHZ,12,339882,87.96,77.59,3,0,R,B
640,1675854240139,kYvLA2CRwfnGTgHZ,13,84010,37.13,93.71,1,0,N,N
641,1675854356025,kYvLA2CRwfnGTgHZ,14,191923,63.61,86.36,2,0,R,N
642,1675855022058,kYvLA2CRwfnGTgHZ,16,66012,46.51,94.65,1,0,N,N
643,1675855110212,kYvLA2CRwfnGTgHZ,17,104496,18.98,91.89,1,0,N,N
644,1675855235535,kYvLA2CRwfnGTgHZ,18,196545,62.99,86.29,2,0,R,N
645,1675855481462,kYvLA2CRwfnGTgHZ,19,61321,50.48,95.04,1,0,N,N
646,1675855568850,kYvLA2CRwfnGTgHZ,20,93395,26.33,92.63,1,0,N,N
647,1675855711599,kYvLA2CRwfnGTgHZ,21,194936,63.93,86.39,2,0,M,N
648,1675855958348,kYvLA2CRwfnGTgHZ,22,40018,63.48,96.34,1,0,N,N
649,1675856023792,kYvLA2CRwfnGTgHZ,23,189904,63.64,86.36,2,0,R,N
650,1675856729419,kYvLA2CRwfnGTgHZ,24,194221,65.05,86.5,2,0,R,N
651,1675856968498,kYvLA2CRwfnGTgHZ,25,58683,50.82,95.08,1,0,N,N
652,1675857099029,kYvLA2CRwfnGTgHZ,27,231010,36.97,83.69,2,0,R,N
653,1675857362089,kYvLA2CRwfnGTgHZ,28,104252,20.89,92.08,1,0,N,N
654,1675857489315,kYvLA2CRwfnGTgHZ,29,337093,90.49,78.09,3,0,R,R
655,1675859501213,kYvLA2CRwfnGTgHZ,30,200194,63.39,86.33,2,0,M,N
656,1675859728574,kYvLA2CRwfnGTgHZ,31,190294,63.74,86.37,2,0,M,N
657,1675859939695,kYvLA2CRwfnGTgHZ,32,347310,80.48,76.09,3,0,R,R
658,1675860583738,kYvLA2CRwfnGTgHZ,33,103673,19.45,91.94,1,0,N,N
659,1675860712313,kYvLA2CRwfnGTgHZ,34,198535,63.13,86.31,2,0,R,N
660,1675860933835,kYvLA2CRwfnGTgHZ,35,92542,27.26,92.72,1,0,N,N
661,1675861063788,kYvLA2CRwfnGTgHZ,36,195504,63.99,86.39,2,0,R,N
662,1675861296594,kYvLA2CRwfnGTgHZ,37,354631,80.85,76.17,3,0,R,B
663,1675861709073,kYvLA2CRwfnGTgHZ,38,98863,24.21,92.42,1,0,N,N
664,1675862331325,kYvLA2CRwfnGTgHZ,39,61172,49.79,94.97,1,0,N,N
665,1675862414142,kYvLA2CRwfnGTgHZ,40,111744,15.95,91.59,1,0,N,N
666,1675862545585,kYvLA2CRwfnGTgHZ,41,54404,54.11,95.41,1,0,N,N
667,1675862746344,kYvLA2CRwfnGTgHZ,42,109751,14.12,91.41,1,0,N,N
668,1675862877519,kYvLA2CRwfnGTgHZ,43,133779,1.72,90.17,1,0,N,N
669,1675863039247,kYvLA2CRwfnGTgHZ,44,281889,6.02,80.6,2,0,M,N
670,1675863364894,kYvLA2CRwfnGTgHZ,45,195947,64.71,86.47,2,0,R,N
671,1675863993057,kYvLA2CRwfnGTgHZ,48,195846,67.1,86.71,2,0,M,N
672,1675864206619,kYvLA2CRwfnGTgHZ,49,199903,64.05,86.4,2,0,M,N
673,1675864465234,kYvLA2CRwfnGTgHZ,50,120944,6.85,90.68,1,0,N,N
674,1675864641875,kYvLA2CRwfnGTgHZ,51,54102,55.36,95.53,1,0,N,N
675,1675864711947,kYvLA2CRwfnGTgHZ,52,56654,55.05,95.5,1,0,N,N
676,1675864789547,kYvLA2CRwfnGTgHZ,53,190342,63.91,86.39,2,0,M,N
677,1676023540237,ZRgkXAqBCwF3tL8N,2,190799,64.31,86.43,2,0,M,N
678,1676023752501,ZRgkXAqBCwF3tL8N,3,184460,62.53,86.25,2,0,M,N
679,1676023980025,ZRgkXAqBCwF3tL8N,4,194556,63.49,86.34,2,0,M,N
680,1676024191835,ZRgkXAqBCwF3tL8N,5,118977,11.97,91.19,1,0,N,N
681,1676024331567,ZRgkXAqBCwF3tL8N,6,338513,91.71,78.34,3,0,R,B
682,1676024779292,ZRgkXAqBCwF3tL8N,7,31134,77.17,97.71,1,0,N,N
683,1676024869759,ZRgkXAqBCwF3tL8N,9,197052,63.36,86.33,2,0,R,N
684,1676025430380,ZRgkXAqBCwF3tL8N,11,355840,77.97,75.59,3,0,R,B
685,1676026327411,ZRgkXAqBCwF3tL8N,13,47970,59.42,95.94,1,0,N,N
686,1676026402056,ZRgkXAqBCwF3tL8N,14,39157,64.52,96.45,1,0,N,N
687,1676026457942,ZRgkXAqBCwF3tL8N,15,208075,59.68,85.96,2,0,R,N
688,1676456250438,9W2Kmva7GXMwgPq6,1,55589,52.4,95.24,1,0,N,N
689,1676456324778,9W2Kmva7GXMwgPq6,2,196778,64.76,86.47,2,0,R,N
690,1676456568042,9W2Kmva7GXMwgPq6,3,112026,13.92,91.39,1,0,N,N
691,1676456698029,9W2Kmva7GXMwgPq6,4,198757,63.88,86.38,2,0,R,N
692,1676456935037,9W2Kmva7GXMwgPq6,5,191992,64.78,86.47,2,0,R,N
693,1676457456250,9W2Kmva7GXMwgPq6,6,107538,16.52,91.65,1,0,N,N
694,1676457642561,9W2Kmva7GXMwgPq6,7,118832,8.57,90.85,1,0,N,N
695,1676457781647,9W2Kmva7GXMwgPq6,8,196731,66.13,86.61,2,0,R,N
696,1676457996540,9W2Kmva7GXMwgPq6,9,119218,11.88,91.18,1,0,N,N
697,1676458175662,9W2Kmva7GXMwgPq6,10,192138,63.92,86.39,2,0,M,N
698,1676458604772,9W2Kmva7GXMwgPq6,11,57190,51.37,95.13,1,0,N,N
699,1676458683269,9W2Kmva7GXMwgPq6,12,200514,64.5,86.45,2,0,M,N
700,1676459687502,9W2Kmva7GXMwgPq6,13,63350,48.29,94.82,1,0,N,N
701,1676459773454,9W2Kmva7GXMwgPq6,14,39698,63.51,96.35,1,0,N,N
702,1676459921395,9W2Kmva7GXMwgPq6,16,56876,55.14,95.51,1,0,N,N
703,1676460073126,9W2Kmva7GXMwgPq6,17,107987,20.05,92.0,1,0,N,N
704,1676460203481,9W2Kmva7GXMwgPq6,18,96365,28.1,92.81,1,0,N,N
705,1676460330056,9W2Kmva7GXMwgPq6,19,114438,15.48,91.54,1,0,N,N
706,1676460466889,9W2Kmva7GXMwgPq6,20,98204,24.7,92.47,1,0,N,N
707,1676460933253,9W2Kmva7GXMwgPq6,21,326794,97.33,79.46,3,0,R,R
708,1676461360705,9W2Kmva7GXMwgPq6,22,75935,46.53,94.65,1,0,N,N
709,1676461468905,9W2Kmva7GXMwgPq6,23,118439,10.42,91.04,1,0,N,N
710,1676461683309,9W2Kmva7GXMwgPq6,24,188472,65.48,86.54,2,0,M,N
711,1676461929922,9W2Kmva7GXMwgPq6,25,106299,22.81,92.28,1,0,N,N
712,1676462058376,9W2Kmva7GXMwgPq6,26,199184,65.34,86.53,2,0,M,N
713,1676465933576,9W2Kmva7GXMwgPq6,29,92115,26.65,92.66,1,0,N,N
714,1676466041365,9W2Kmva7GXMwgPq6,30,127085,9.98,90.99,1,0,N,N
715,1676466186779,9W2Kmva7GXMwgPq6,31,104773,18.75,91.87,1,0,N,N
716,1676466308316,9W2Kmva7GXMwgPq6,32,191187,64.86,86.48,2,0,M,N
717,1676466733904,9W2Kmva7GXMwgPq6,33,193388,64.82,86.48,2,0,M,N
718,1676467037602,9W2Kmva7GXMwgPq6,35,92424,28.88,92.88,1,0,N,N
719,1676467152515,9W2Kmva7GXMwgPq6,36,352636,78.16,75.63,3,0,M,B
720,1676467834574,9W2Kmva7GXMwgPq6,37,206057,60.92,86.09,2,0,R,N
721,1676468063294,9W2Kmva7GXMwgPq6,38,395339,56.64,71.32,3,0,M,B
722,1676468680991,9W2Kmva7GXMwgPq6,39,62752,50.59,95.05,1,0,N,N
723,1676468769586,9W2Kmva7GXMwgPq6,40,120096,11.49,91.14,1,0,N,N
724,1676468983706,9W2Kmva7GXMwgPq6,41,54560,53.65,95.36,1,0,N,N
725,1676469055793,9W2Kmva7GXMwgPq6,42,58427,52.59,95.25,1,0,N,N
726,1676469132112,9W2Kmva7GXMwgPq6,43,190559,64.74,86.47,2,0,M,N
727,1676469341182,9W2Kmva7GXMwgPq6,44,198792,63.26,86.32,2,0,R,N
728,1676542085736,xGzJhgj1bV826aRr,1,185002,61.55,86.15,2,0,R,N
729,1676542339906,xGzJhgj1bV826aRr,2,113807,14.25,91.42,1,0,N,N
730,1676542493627,xGzJhgj1bV826aRr,3,133984,0.18,90.01,1,0,N,N
731,1676542649968,xGzJhgj1bV826aRr,4,196662,63.35,86.33,2,0,M,N
732,1676542866125,xGzJhgj1bV826aRr,5,178928,65.03,86.5,2,0,M,N
733,1676543445480,xGzJhgj1bV826aRr,6,189437,63.11,86.31,2,0,R,N
734,1676543661151,xGzJhgj1bV826aRr,7,38651,65.52,96.55,1,0,N,N
735,1676543716822,xGzJhgj1bV826aRr,8,192176,63.56,86.35,2,0,M,N
736,1676543928065,xGzJhgj1bV826aRr,9,191616,65.24,86.52,2,0,R,N
737,1676544152364,xGzJhgj1bV826aRr,10,35838,99.96,99.99,1,0,N,N
738,1676544461486,xGzJhgj1bV826aRr,11,44864,58.77,95.87,1,0,N,N
739,1676544523731,xGzJhgj1bV826aRr,12,193055,62.58,86.25,2,0,M,N
740,1676544737106,xGzJhgj1bV826aRr,13,133938,0.25,90.02,1,0,N,N
741,1676544901947,xGzJhgj1bV826aRr,14,65212,48.74,94.87,1,0,N,N
742,1676544997795,xGzJhgj1bV826aRr,15,60918,49.4,94.94,1,0,N,N
743,1676545409793,xGzJhgj1bV826aRr,16,47493,58.43,95.84,1,0,N,N
744,1676545480693,xGzJhgj1bV826aRr,17,337786,90.24,78.04,3,0,R,B
745,1676546045374,xGzJhgj1bV826aRr,18,73628,44.12,94.41,1,0,N,N
746,1676546141017,xGzJhgj1bV826aRr,19,356432,77.33,75.46,3,0,R,R
747,1676546817638,xGzJhgj1bV826aRr,20,400801,49.29,69.85,3,0,R,R
748,1676547306108,xGzJhgj1bV826aRr,21,37211,63.46,96.34,1,0,N,N
749,1676547361814,xGzJhgj1bV826aRr,22,52079,55.6,95.56,1,0,N,N
750,1676547434998,xGzJhgj1bV826aRr,23,109945,16.14,91.61,1,0,N,N
751,1676547563858,xGzJhgj1bV826aRr,24,46425,58.19,95.81,1,0,N,N
752,1676547646462,xGzJhgj1bV826aRr,25,60268,52.14,95.21,1,0,N,N
753,1676548194289,xGzJhgj1bV826aRr,27,49277,58.44,95.84,1,0,N,N
754,1676548261443,xGzJhgj1bV826aRr,28,63400,48.08,94.8,1,0,N,N
755,1676548346884,xGzJhgj1bV826aRr,29,118122,10.08,91.0,1,0,N,N
756,1676548484060,xGzJhgj1bV826aRr,30,189241,62.82,86.28,2,0,M,N
757,1676548692796,xGzJhgj1bV826aRr,31,134345,0.76,90.07,1,0,N,N
758,1676549657941,xGzJhgj1bV826aRr,32,345252,89.4,77.88,3,0,R,R
759,1676550028504,xGzJhgj1bV826aRr,33,64312,48.31,94.83,1,0,N,N
760,1676550119935,xGzJhgj1bV826aRr,34,92293,26.57,92.65,1,0,N,N
761,1676550247777,xGzJhgj1bV826aRr,35,196562,62.6,86.26,2,0,R,N
762,1676550489794,xGzJhgj1bV826aRr,36,199623,63.82,86.38,2,0,R,N
763,1676550839180,xGzJhgj1bV826aRr,38,119123,7.93,90.79,1,0,N,N
764,1676550982425,xGzJhgj1bV826aRr,39,191038,62.33,86.23,2,0,R,N
765,1676551193951,xGzJhgj1bV826aRr,40,37694,64.06,96.4,1,0,N,N
766,1676551279694,xGzJhgj1bV826aRr,41,198386,64.33,86.43,2,0,R,N
767,1676551831208,xGzJhgj1bV826aRr,42,98261,18.71,91.87,1,0,N,N
768,1676551987922,xGzJhgj1bV826aRr,43,197061,63.69,86.36,2,0,M,N
769,1676552211480,xGzJhgj1bV826aRr,44,321321,98.4,79.68,3,0,R,B
770,1676552564431,xGzJhgj1bV826aRr,45,197006,63.17,86.31,2,0,R,N
771,1676552790522,xGzJhgj1bV826aRr,46,108512,17.21,91.72,1,0,N,N
772,1676552922935,xGzJhgj1bV826aRr,47,101375,23.14,92.31,1,0,N,N
773,1676553046200,xGzJhgj1bV826aRr,48,109551,18.11,91.81,1,0,N,N
774,1676553182699,xGzJhgj1bV826aRr,49,49878,54.87,95.48,1,0,N,N
775,1676553285898,xGzJhgj1bV826aRr,50,91887,26.4,92.64,1,0,N,N
776,1676553398238,xGzJhgj1bV826aRr,51,106625,18.36,91.83,1,0,N,N
777,1676553849720,xGzJhgj1bV826aRr,52,48900,56.43,95.64,1,0,N,N
778,1676553923513,xGzJhgj1bV826aRr,53,76096,43.9,94.39,1,0,N,N
779,1676554030617,xGzJhgj1bV826aRr,54,43351,58.78,95.87,1,0,N,N
780,1676554094754,xGzJhgj1bV826aRr,55,195619,61.82,86.18,2,0,R,N
781,1676554381654,xGzJhgj1bV826aRr,56,104951,19.25,91.92,1,0,N,N
782,1676554511897,xGzJhgj1bV826aRr,57,52477,54.24,95.42,1,0,N,N
783,1676554594781,xGzJhgj1bV826aRr,58,364750,71.12,74.22,3,0,R,B
784,1676555013116,xGzJhgj1bV826aRr,59,328275,95.09,79.01,3,0,R,B
785,1676555363951,xGzJhgj1bV826aRr,60,186831,66.31,86.63,2,0,M,N
786,1676555570610,xGzJhgj1bV826aRr,61,319675,96.91,79.38,3,0,M,R
787,1676628375788,PX4Gwg2DAVd7ahJK,1,191354,63.44,86.34,2,0,M,N
788,1676628586147,PX4Gwg2DAVd7ahJK,2,194315,64.72,86.47,2,0,R,N
789,1676628847926,PX4Gwg2DAVd7ahJK,3,322905,98.11,79.62,3,0,R,R
790,1676629200215,PX4Gwg2DAVd7ahJK,4,107057,18.01,91.8,1,0,N,N
791,1676629326646,PX4Gwg2DAVd7ahJK,5,191302,64.82,86.48,2,0,R,N
792,1676629536479,PX4Gwg2DAVd7ahJK,6,202924,72.98,87.29,2,0,R,N
793,1676630058504,PX4Gwg2DAVd7ahJK,7,94817,23.97,92.39,1,0,N,N
794,1676630197804,PX4Gwg2DAVd7ahJK,8,189048,77.06,87.7,2,0,M,N
795,1676630419925,PX4Gwg2DAVd7ahJK,9,188460,63.93,86.39,2,0,R,N
796,1676630640796,PX4Gwg2DAVd7ahJK,10,198025,64.46,86.44,2,0,R,N
797,1676630858900,PX4Gwg2DAVd7ahJK,11,199318,64.24,86.42,2,0,M,N
798,1676631078884,PX4Gwg2DAVd7ahJK,12,199314,63.03,86.3,2,0,R,N
799,1676631654990,PX4Gwg2DAVd7ahJK,13,61300,47.88,94.78,1,0,N,N
800,1676631734496,PX4Gwg2DAVd7ahJK,14,54612,52.63,95.26,1,0,N,N
801,1676631807146,PX4Gwg2DAVd7ahJK,15,192751,71.95,87.19,2,0,M,N
802,1676632053915,PX4Gwg2DAVd7ahJK,16,60225,54.65,95.46,1,0,N,N
803,1676632138284,PX4Gwg2DAVd7ahJK,17,461799,23.03,64.6,3,0,R,B
804,1676633044408,PX4Gwg2DAVd7ahJK,18,112183,14.92,91.49,1,0,N,N
805,1676633176663,PX4Gwg2DAVd7ahJK,19,234656,36.97,83.69,2,0,R,N
806,1676803890864,zp6C71tGQKvMfF4D,1,279937,3.65,80.36,2,0,M,N
807,1676804192286,zp6C71tGQKvMfF4D,2,63685,47.32,94.73,1,0,N,N
808,1676804273626,zp6C71tGQKvMfF4D,3,191825,65.02,86.5,2,0,M,N
809,1676804531725,zp6C71tGQKvMfF4D,4,197995,65.31,86.53,2,0,M,N
810,1676804793737,zp6C71tGQKvMfF4D,5,195978,65.0,86.5,2,0,M,N
811,1676805034667,zp6C71tGQKvMfF4D,6,114936,12.96,91.29,1,0,N,N
812,1676805173578,zp6C71tGQKvMfF4D,7,194633,69.92,86.99,2,0,M,N
813,1676805430972,zp6C71tGQKvMfF4D,8,133718,1.58,90.15,1,0,N,N
814,1676805910320,zp6C71tGQKvMfF4D,9,117907,13.59,91.35,1,0,N,N
815,1676806068714,zp6C71tGQKvMfF4D,10,133905,1.27,90.12,1,0,N,N
816,1676806220829,zp6C71tGQKvMfF4D,11,207364,58.68,85.86,2,0,M,N
817,1676806463098,zp6C71tGQKvMfF4D,12,281549,3.54,80.35,2,0,M,N
818,1676806827430,zp6C71tGQKvMfF4D,13,201814,64.03,86.4,2,0,R,N
819,1676807070543,zp6C71tGQKvMfF4D,14,118955,19.34,91.93,1,0,N,N
820,1676807250691,zp6C71tGQKvMfF4D,15,203419,62.66,86.26,2,0,M,N
821,1676807849221,zp6C71tGQKvMfF4D,17,117166,11.39,91.13,1,0,N,N
822,1676807989526,zp6C71tGQKvMfF4D,18,192359,64.28,86.42,2,0,R,N
823,1676808203130,zp6C71tGQKvMfF4D,19,133961,0.34,90.03,1,0,N,N
824,1676808360506,zp6C71tGQKvMfF4D,20,63794,48.53,94.85,1,0,N,N
825,1676808440916,zp6C71tGQKvMfF4D,21,280588,0.2,80.02,2,0,M,N
826,1676808760585,zp6C71tGQKvMfF4D,22,105077,20.93,92.09,1,0,N,N
827,1676808884955,zp6C71tGQKvMfF4D,23,125625,8.23,90.82,1,0,N,N
828,1676809057249,zp6C71tGQKvMfF4D,24,34653,99.85,99.98,1,0,N,N
829,1676809358390,zp6C71tGQKvMfF4D,25,339491,86.06,77.21,3,0,M,R
830,1676809722948,zp6C71tGQKvMfF4D,26,346215,88.78,77.75,3,0,M,B
831,1676810171339,zp6C71tGQKvMfF4D,27,23393,97.49,99.74,1,0,N,N
832,1676810221774,zp6C71tGQKvMfF4D,28,202542,64.97,86.49,2,0,M,N
833,1676810444221,zp6C71tGQKvMfF4D,29,338754,80.99,76.19,3,0,R,R
834,1676811731782,zp6C71tGQKvMfF4D,30,56736,51.98,95.19,1,0,N,N
835,1676811806267,zp6C71tGQKvMfF4D,31,351047,75.27,75.05,3,0,R,B
836,1676812213968,zp6C71tGQKvMfF4D,32,200176,63.23,86.32,2,0,M,N
837,1676812433506,zp6C71tGQKvMfF4D,33,45451,58.27,95.82,1,0,N,N
838,1676812497376,zp6C71tGQKvMfF4D,34,192542,67.47,86.74,2,0,R,N
839,1676812710980,zp6C71tGQKvMfF4D,35,105585,17.32,91.73,1,0,N,N
840,1676812851260,zp6C71tGQKvMfF4D,36,112854,12.98,91.29,1,0,N,N
841,1676813002009,zp6C71tGQKvMfF4D,37,36177,99.26,99.92,1,0,N,N
842,1676813227664,zp6C71tGQKvMfF4D,38,23870,99.96,99.99,1,0,N,N
843,1676813284714,zp6C71tGQKvMfF4D,39,389076,55.7,71.14,3,0,M,R
844,1676813739066,zp6C71tGQKvMfF4D,40,186350,64.64,86.46,2,0,M,N
845,1676813945066,zp6C71tGQKvMfF4D,41,353241,73.53,74.7,3,0,M,B
846,1676814693936,zp6C71tGQKvMfF4D,42,65438,46.87,94.68,1,0,N,N
847,1676814782959,zp6C71tGQKvMfF4D,43,415603,40.27,68.05,3,0,R,B
848,1676815464330,zp6C71tGQKvMfF4D,44,100805,18.97,91.89,1,0,N,N
849,1676815582357,zp6C71tGQKvMfF4D,45,353068,84.36,76.87,3,0,R,R
850,1676887342400,wcLJ7VA4Mf6dg9Cj,1,411705,39.2,67.84,3,0,R,R
851,1676887818189,wcLJ7VA4Mf6dg9Cj,2,114797,14.85,91.48,1,0,N,N
852,1676887999894,wcLJ7VA4Mf6dg9Cj,3,280479,0.47,80.04,2,0,R,N
853,1676888334515,wcLJ7VA4Mf6dg9Cj,4,248690,28.63,82.86,2,0,M,N
854,1676888601226,wcLJ7VA4Mf6dg9Cj,5,184477,62.27,86.22,2,0,M,N
855,1676889131128,wcLJ7VA4Mf6dg9Cj,6,354594,80.05,76.01,3,0,M,B
856,1676889536158,wcLJ7VA4Mf6dg9Cj,7,104313,18.16,91.81,1,0,N,N
857,1676889659635,wcLJ7VA4Mf6dg9Cj,8,192201,70.71,87.07,2,0,R,N
858,1676889870799,wcLJ7VA4Mf6dg9Cj,9,58027,50.36,95.03,1,0,N,N
859,1676889946968,wcLJ7VA4Mf6dg9Cj,10,187653,66.4,86.64,2,0,M,N
860,1676890152797,wcLJ7VA4Mf6dg9Cj,11,370866,59.51,71.9,3,0,R,B
861,1676890544319,wcLJ7VA4Mf6dg9Cj,12,200001,64.58,86.45,2,0,M,N
862,1676890772385,wcLJ7VA4Mf6dg9Cj,13,343580,74.07,74.81,3,0,R,B
863,1676891668997,wcLJ7VA4Mf6dg9Cj,14,59640,51.98,95.19,1,0,N,N
864,1676891747922,wcLJ7VA4Mf6dg9Cj,15,195216,63.88,86.38,2,0,M,N
865,1676891963096,wcLJ7VA4Mf6dg9Cj,16,67247,47.94,94.79,1,0,N,N
866,1676892054692,wcLJ7VA4Mf6dg9Cj,17,373882,60.99,72.19,3,0,M,R
867,1676892506379,wcLJ7VA4Mf6dg9Cj,18,399788,51.47,70.29,3,0,R,R
868,1676893301574,wcLJ7VA4Mf6dg9Cj,19,109608,17.54,91.75,1,0,N,N
869,1676893436215,wcLJ7VA4Mf6dg9Cj,20,202306,64.03,86.4,2,0,R,N
870,1676893658465,wcLJ7VA4Mf6dg9Cj,21,104050,17.59,91.75,1,0,N,N
871,1676893788477,wcLJ7VA4Mf6dg9Cj,22,191801,66.44,86.64,2,0,R,N
872,1676894775966,wcLJ7VA4Mf6dg9Cj,23,200643,62.7,86.27,2,0,M,N
873,1676895001662,wcLJ7VA4Mf6dg9Cj,24,62498,50.93,95.09,1,0,N,N
874,1676895086135,wcLJ7VA4Mf6dg9Cj,25,201613,62.83,86.28,2,0,M,N
875,1676895352471,wcLJ7VA4Mf6dg9Cj,26,48564,58.05,95.8,1,0,N,N
876,1676895418421,wcLJ7VA4Mf6dg9Cj,27,43443,59.11,95.91,1,0,N,N
877,1676895480822,wcLJ7VA4Mf6dg9Cj,28,37771,64.1,96.41,1,0,N,N
878,1676895930078,wcLJ7VA4Mf6dg9Cj,29,351497,69.55,73.91,3,0,R,B
879,1676896301459,wcLJ7VA4Mf6dg9Cj,30,94311,28.35,92.83,1,0,N,N
880,1676896414725,wcLJ7VA4Mf6dg9Cj,31,367583,68.71,73.74,3,0,R,R
881,1676896909400,wcLJ7VA4Mf6dg9Cj,32,343635,75.23,75.04,3,0,R,B
882,1676897274622,wcLJ7VA4Mf6dg9Cj,33,52003,56.73,95.67,1,0,N,N
883,1676897351924,wcLJ7VA4Mf6dg9Cj,34,190381,64.68,86.46,2,0,M,N
884,1676897895551,wcLJ7VA4Mf6dg9Cj,35,50999,54.98,95.49,1,0,N,N
885,1676897971663,wcLJ7VA4Mf6dg9Cj,36,43266,59.54,95.95,1,0,N,N
886,1676898047236,wcLJ7VA4Mf6dg9Cj,37,362962,69.87,73.97,3,0,M,B
887,1676898433471,wcLJ7VA4Mf6dg9Cj,38,418804,38.21,67.64,3,0,M,R
888,1676898908683,wcLJ7VA4Mf6dg9Cj,39,464916,8.71,61.74,3,0,M,R
889,1676899904889,wcLJ7VA4Mf6dg9Cj,40,36921,64.05,96.4,1,0,N,N
890,1676899963091,wcLJ7VA4Mf6dg9Cj,41,397074,54.33,70.86,3,0,R,B
891,1676900380582,wcLJ7VA4Mf6dg9Cj,42,279635,0.62,80.06,2,0,R,N
892,1676900707689,wcLJ7VA4Mf6dg9Cj,43,365819,65.07,73.01,3,0,M,B
893,1676901107346,wcLJ7VA4Mf6dg9Cj,44,54328,54.93,95.49,1,0,N,N
894,1676901217715,wcLJ7VA4Mf6dg9Cj,45,39215,63.82,96.38,1,0,N,N
895,1676901273732,wcLJ7VA4Mf6dg9Cj,46,201204,62.25,86.22,2,0,R,N
896,1676901511198,wcLJ7VA4Mf6dg9Cj,47,203876,62.27,86.22,2,0,M,N
897,1676901733633,wcLJ7VA4Mf6dg9Cj,48,381748,61.0,72.2,3,0,M,R
898,1677061715131,cjDV9hgwLqkCKZN8,1,106562,20.66,92.06,1,0,N,N
899,1677061839625,cjDV9hgwLqkCKZN8,2,186479,63.66,86.36,2,0,M,N
900,1677062093944,cjDV9hgwLqkCKZN8,3,418105,39.67,67.93,3,0,R,B
901,1677062680685,cjDV9hgwLqkCKZN8,4,111390,16.96,91.69,1,0,N,N
902,1677062811099,cjDV9hgwLqkCKZN8,5,279299,1.32,80.13,2,0,M,N
903,1677063693431,cjDV9hgwLqkCKZN8,6,49881,57.47,95.74,1,0,N,N
904,1677063767525,cjDV9hgwLqkCKZN8,7,184042,63.89,86.38,2,0,M,N
905,1677063970139,cjDV9hgwLqkCKZN8,8,111489,17.73,91.77,1,0,N,N
906,1677064100633,cjDV9hgwLqkCKZN8,9,194428,62.74,86.27,2,0,M,N
907,1677064318216,cjDV9hgwLqkCKZN8,10,45329,58.76,95.87,1,0,N,N
908,1677064387798,cjDV9hgwLqkCKZN8,11,401214,50.61,70.12,3,0,M,B
909,1677065347044,cjDV9hgwLqkCKZN8,12,192651,63.65,86.36,2,0,R,N
910,1677065564778,cjDV9hgwLqkCKZN8,13,90884,33.51,93.35,1,0,N,N
911,1677065673786,cjDV9hgwLqkCKZN8,14,60977,50.69,95.06,1,0,N,N
912,1677065752812,cjDV9hgwLqkCKZN8,15,54381,52.52,95.25,1,0,N,N
913,1677065824833,cjDV9hgwLqkCKZN8,16,412045,35.15,67.03,3,0,M,B
914,1677066673234,cjDV9hgwLqkCKZN8,17,196649,61.8,86.18,2,0,M,N
915,1677066889035,cjDV9hgwLqkCKZN8,18,192639,61.85,86.18,2,0,R,N
916,1677067111141,cjDV9hgwLqkCKZN8,19,420123,37.41,67.48,3,0,M,R
917,1677067798129,cjDV9hgwLqkCKZN8,20,197017,61.23,86.12,2,0,M,N
918,1677068014172,cjDV9hgwLqkCKZN8,21,394687,49.3,69.86,3,0,R,B
919,1677068460077,cjDV9hgwLqkCKZN8,22,310444,97.77,79.55,3,0,M,N
920,1677068790672,cjDV9hgwLqkCKZN8,23,358255,83.07,76.61,3,0,M,B
921,1677069523104,cjDV9hgwLqkCKZN8,24,189985,63.84,86.38,2,0,R,N
922,1677069733713,cjDV9hgwLqkCKZN8,25,405748,41.54,68.3,3,0,M,R
923,1677070168298,cjDV9hgwLqkCKZN8,26,322596,98.03,79.6,3,0,R,B
924,1677070594515,cjDV9hgwLqkCKZN8,27,100435,25.27,92.52,1,0,N,N
925,1677071562695,cjDV9hgwLqkCKZN8,28,91782,24.83,92.48,1,0,N,N
926,1677071673092,cjDV9hgwLqkCKZN8,29,114859,12.08,91.2,1,0,N,N
927,1677071842260,cjDV9hgwLqkCKZN8,31,197037,61.73,86.17,2,0,M,N
928,1677072064750,cjDV9hgwLqkCKZN8,32,198364,62.45,86.24,2,0,R,N
929,1677072280870,cjDV9hgwLqkCKZN8,33,134008,0.09,90.0,1,0,N,N
930,1677072432657,cjDV9hgwLqkCKZN8,34,361527,75.94,75.18,3,0,R,R
931,1677072818613,cjDV9hgwLqkCKZN8,35,406383,42.39,68.47,3,0,R,B
932,1677073318385,cjDV9hgwLqkCKZN8,36,61222,51.24,95.12,1,0,N,N
933,1677073413920,cjDV9hgwLqkCKZN8,37,402256,42.51,68.5,3,0,R,B
934,1677073838939,cjDV9hgwLqkCKZN8,38,133902,0.23,90.02,1,0,N,N
935,1677073990098,cjDV9hgwLqkCKZN8,39,49719,59.22,95.92,1,0,N,N
936,1677074056273,cjDV9hgwLqkCKZN8,40,404839,44.55,68.91,3,0,R,R
937,1677146818447,1dgnYypaGPCAJwzD,1,198830,64.69,86.46,2,0,R,N
938,1677147037325,1dgnYypaGPCAJwzD,2,50724,57.31,95.73,1,0,N,N
939,1677147109047,1dgnYypaGPCAJwzD,3,189199,64.11,86.41,2,0,M,N
940,1677147315229,1dgnYypaGPCAJwzD,4,465122,11.98,62.39,3,0,M,B
941,1677147847422,1dgnYypaGPCAJwzD,5,351859,76.38,75.27,3,0,R,B
942,1677148222521,1dgnYypaGPCAJwzD,6,74343,40.83,94.08,1,0,N,N
943,1677148656371,1dgnYypaGPCAJwzD,7,133961,0.05,90.0,1,0,N,N
944,1677148807782,1dgnYypaGPCAJwzD,8,193265,75.8,87.58,2,0,M,N
945,1677149182915,1dgnYypaGPCAJwzD,9,43481,59.18,95.91,1,0,N,N
946,1677149244240,1dgnYypaGPCAJwzD,10,375306,64.41,72.88,3,0,M,B
947,1677149674445,1dgnYypaGPCAJwzD,11,51996,53.72,95.37,1,0,N,N
948,1677149748546,1dgnYypaGPCAJwzD,12,114539,10.47,91.04,1,0,N,N
949,1677150382704,1dgnYypaGPCAJwzD,13,374907,62.22,72.44,3,0,R,R
950,1677150780105,1dgnYypaGPCAJwzD,14,118942,7.7,90.77,1,0,N,N
951,1677150919857,1dgnYypaGPCAJwzD,15,188523,62.74,86.27,2,0,M,N
952,1677151127127,1dgnYypaGPCAJwzD,16,97659,22.66,92.26,1,0,N,N
953,1677151383265,1dgnYypaGPCAJwzD,17,117483,10.31,91.03,1,0,N,N
954,1677151604032,1dgnYypaGPCAJwzD,18,91828,30.03,93.0,1,0,N,N
955,1677151716281,1dgnYypaGPCAJwzD,19,72383,43.74,94.37,1,0,N,N
956,1677151809497,1dgnYypaGPCAJwzD,20,67202,46.34,94.63,1,0,N,N
957,1677152240303,1dgnYypaGPCAJwzD,21,112794,16.87,91.68,1,0,N,N
958,1677233400354,qC1FRQyMaJDb2vAV,1,322944,97.94,79.58,3,0,R,B
959,1677233793931,qC1FRQyMaJDb2vAV,2,133959,0.06,90.0,1,0,N,N
960,1677233952468,qC1FRQyMaJDb2vAV,3,392171,49.99,69.99,3,0,R,B
961,1677234367077,qC1FRQyMaJDb2vAV,4,134069,0.4,90.04,1,0,N,N
962,1677234521011,qC1FRQyMaJDb2vAV,5,190248,64.98,86.49,2,0,M,N
963,1677234729189,qC1FRQyMaJDb2vAV,6,339800,79.66,75.93,3,0,R,R
964,1677235408227,qC1FRQyMaJDb2vAV,8,374895,60.01,72.0,3,0,M,B
965,1677235912217,qC1FRQyMaJDb2vAV,9,320279,99.07,79.81,3,0,R,R
966,1677236605411,qC1FRQyMaJDb2vAV,11,97837,23.5,92.35,1,0,N,N
967,1677236722797,qC1FRQyMaJDb2vAV,12,279401,0.03,80.0,2,0,M,N
968,1677237390717,qC1FRQyMaJDb2vAV,13,189777,64.17,86.41,2,0,M,N
969,1677237605195,qC1FRQyMaJDb2vAV,14,54474,53.44,95.34,1,0,N,N
970,1677238009139,qC1FRQyMaJDb2vAV,15,23322,85.12,98.51,1,0,N,N
971,1677238054175,qC1FRQyMaJDb2vAV,16,278549,1.38,80.13,2,0,R,N
972,1677238354701,qC1FRQyMaJDb2vAV,17,106864,18.86,91.88,1,0,N,N
973,1677238480076,qC1FRQyMaJDb2vAV,18,107146,16.06,91.6,1,0,N,N
974,1677238617625,qC1FRQyMaJDb2vAV,19,414955,36.04,67.2,3,0,R,B
975,1677239209905,qC1FRQyMaJDb2vAV,20,110103,21.52,92.15,1,0,N,N
976,1677240294015,qC1FRQyMaJDb2vAV,22,42207,59.93,95.99,1,0,N,N
977,1677240353812,qC1FRQyMaJDb2vAV,23,190671,67.81,86.78,2,0,R,N
978,1677240563387,qC1FRQyMaJDb2vAV,24,460363,12.44,62.48,3,0,R,R
979,1677241273471,qC1FRQyMaJDb2vAV,25,112793,12.61,91.26,1,0,N,N
980,1677241403495,qC1FRQyMaJDb2vAV,26,191110,63.98,86.39,2,0,M,N
981,1677241997795,qC1FRQyMaJDb2vAV,27,34013,72.02,97.2,1,0,N,N
982,1677242108146,qC1FRQyMaJDb2vAV,28,74494,48.74,94.87,1,0,N,N
983,1677242201630,qC1FRQyMaJDb2vAV,29,191005,63.21,86.32,2,0,R,N
984,1677242454318,qC1FRQyMaJDb2vAV,30,191034,64.94,86.49,2,0,M,N
985,1677242670159,qC1FRQyMaJDb2vAV,31,103927,21.17,92.11,1,0,N,N
986,1677242878180,qC1FRQyMaJDb2vAV,33,122941,7.45,90.74,1,0,N,N
987,1677243076412,qC1FRQyMaJDb2vAV,34,45707,57.48,95.74,1,0,N,N
988,1677243141623,qC1FRQyMaJDb2vAV,35,191374,63.15,86.31,2,0,M,N
989,1677243862275,qC1FRQyMaJDb2vAV,36,459499,3.75,60.75,3,0,R,B
990,1677244476358,qC1FRQyMaJDb2vAV,37,58583,53.19,95.31,1,0,N,N
991,1677244553406,qC1FRQyMaJDb2vAV,38,60993,51.16,95.11,1,0,N,N
992,1677244646349,qC1FRQyMaJDb2vAV,39,464681,7.57,61.51,3,0,M,R
993,1677245554196,qC1FRQyMaJDb2vAV,40,52007,54.45,95.44,1,0,N,N
994,1677245623120,qC1FRQyMaJDb2vAV,41,464670,2.32,60.46,3,0,M,B
995,1677246284662,qC1FRQyMaJDb2vAV,42,134189,0.1,90.01,1,0,N,N
996,1677246447666,qC1FRQyMaJDb2vAV,43,277301,3.62,80.36,2,0,R,N
997,1677246746916,qC1FRQyMaJDb2vAV,44,348798,72.02,74.4,3,0,R,R
998,1677405846453,j8YymwRCZBdkbNXH,1,39391,63.6,96.36,1,0,N,N
999,1677405908688,j8YymwRCZBdkbNXH,2,503063,76.96,57.69,4,0,M,B
1000,1677406611357,j8YymwRCZBdkbNXH,3,350779,72.36,74.47,3,0,R,B
1001,1677407048719,j8YymwRCZBdkbNXH,4,215877,55.01,85.5,2,0,M,N
1002,1677407282977,j8YymwRCZBdkbNXH,5,384145,65.01,73.0,3,0,M,R
1003,1677408121626,j8YymwRCZBdkbNXH,6,58564,49.85,94.98,1,0,N,N
1004,1677408195980,j8YymwRCZBdkbNXH,7,169779,69.79,86.97,2,0,M,N
1005,1677408391734,3kZPBzfm82vjwFaH,8,133929,0.12,90.01,1,0,N,N
1006,1677408549827,3kZPBzfm82vjwFaH,9,503268,71.69,57.16,4,0,R,R
1007,1677409136337,3kZPBzfm82vjwFaH,10,394066,48.69,69.73,3,0,M,B
1008,1677410025384,3kZPBzfm82vjwFaH,11,40827,62.13,96.21,1,0,N,N
1009,1677410117658,3kZPBzfm82vjwFaH,13,384129,54.28,70.85,3,0,R,R
1010,1677410876829,j8YymwRCZBdkbNXH,14,278777,7.57,80.75,2,0,M,N
1011,1677411189736,j8YymwRCZBdkbNXH,15,188331,64.64,86.46,2,0,M,N
1012,1677411449868,j8YymwRCZBdkbNXH,17,51893,55.76,95.57,1,0,N,N
1013,1677411529344,j8YymwRCZBdkbNXH,18,341110,74.4,74.88,3,0,M,B
1014,1677411888647,j8YymwRCZBdkbNXH,19,463999,0.47,60.09,3,0,M,B
1015,1677413503827,j8YymwRCZBdkbNXH,20,47946,56.98,95.69,1,0,N,N
1016,1677413567343,j8YymwRCZBdkbNXH,21,407312,37.63,67.52,3,0,R,B
1017,1677414004954,j8YymwRCZBdkbNXH,22,133976,0.02,90.0,1,0,N,N
1018,1677414156909,j8YymwRCZBdkbNXH,23,251745,24.32,82.43,2,0,M,N
1019,1677414428727,3kZPBzfm82vjwFaH,24,191921,69.34,86.93,2,0,R,N
1020,1677414736380,3kZPBzfm82vjwFaH,25,104323,23.89,92.38,1,0,N,N
1021,1677414858240,j8YymwRCZBdkbNXH,26,351639,73.87,74.77,3,0,M,B
1022,1677415689541,3kZPBzfm82vjwFaH,27,462276,1.1,60.22,3,0,R,B
1023,1677416872835,3kZPBzfm82vjwFaH,28,455800,14.15,62.83,3,0,R,R
1024,1677417497224,j8YymwRCZBdkbNXH,29,25532,79.53,97.95,1,0,N,N
1025,1677417497225,3kZPBzfm82vjwFaH,29,25531,79.53,97.95,1,0,N,N
1026,1677417541084,3kZPBzfm82vjwFaH,30,342934,71.51,74.3,3,0,M,R
1027,1677417913777,3kZPBzfm82vjwFaH,31,414213,34.22,66.84,3,0,R,B
1028,1677418360295,j8YymwRCZBdkbNXH,32,192030,62.88,86.28,2,0,R,N
1029,1677418940916,j8YymwRCZBdkbNXH,33,134001,1.0,90.1,1,0,N,N
1030,1677419104440,j8YymwRCZBdkbNXH,34,375965,56.81,71.36,3,0,R,B
1031,1677419504702,j8YymwRCZBdkbNXH,35,38353,64.78,96.47,1,0,N,N
1032,1677419561515,3kZPBzfm82vjwFaH,36,345347,71.32,74.26,3,0,R,R
1033,1677492394097,A7v9MmQCFYnbpK4N,1,45831,57.62,95.76,1,0,N,N
1034,1677492459089,A7v9MmQCFYnbpK4N,2,100055,24.94,92.49,1,0,N,N
1035,1677492613541,A7v9MmQCFYnbpK4N,4,51181,56.92,95.69,1,0,N,N
1036,1677492702900,A7v9MmQCFYnbpK4N,5,387662,50.88,70.17,3,0,R,R
1037,1677493233769,A7v9MmQCFYnbpK4N,6,96958,26.95,92.69,1,0,N,N
1038,1677493349618,A7v9MmQCFYnbpK4N,7,195523,63.23,86.32,2,0,R,N
1039,1677493563895,A7v9MmQCFYnbpK4N,8,341500,69.4,73.88,3,0,R,B
1040,1677493926839,A7v9MmQCFYnbpK4N,9,508827,64.65,56.46,4,0,M,R
1041,1677495072058,A7v9MmQCFYnbpK4N,10,117717,7.99,90.79,1,0,N,N
1042,1677495211426,A7v9MmQCFYnbpK4N,11,56868,51.34,95.13,1,0,N,N
1043,1677495286049,A7v9MmQCFYnbpK4N,12,119420,10.33,91.03,1,0,N,N
1044,1677495429615,A7v9MmQCFYnbpK4N,13,34632,65.2,96.52,1,0,N,N
1045,1677495482682,A7v9MmQCFYnbpK4N,14,200907,60.8,86.08,2,0,R,N
1046,1677495704919,A7v9MmQCFYnbpK4N,15,371553,63.3,72.66,3,0,R,R
1047,1677496546193,A7v9MmQCFYnbpK4N,17,97920,30.65,93.06,1,0,N,N
1048,1677496667882,A7v9MmQCFYnbpK4N,18,96648,23.65,92.36,1,0,N,N
1049,1677496782087,A7v9MmQCFYnbpK4N,19,109215,16.15,91.61,1,0,N,N
1050,1677496916228,A7v9MmQCFYnbpK4N,20,119695,14.41,91.44,1,0,N,N
1051,1677497199518,A7v9MmQCFYnbpK4N,21,384267,49.4,69.88,3,0,R,R
1052,1677497603317,A7v9MmQCFYnbpK4N,22,104901,17.27,91.72,1,0,N,N
1053,1677497726274,A7v9MmQCFYnbpK4N,23,54328,53.59,95.35,1,0,N,N
1054,1677497797671,A7v9MmQCFYnbpK4N,24,131031,3.79,90.37,1,0,N,N
1055,1677499050026,A7v9MmQCFYnbpK4N,26,57755,51.46,95.14,1,0,N,N
1056,1677499124353,A7v9MmQCFYnbpK4N,27,465755,0.7,60.14,3,0,M,B
1057,1677499634424,A7v9MmQCFYnbpK4N,28,466543,5.76,61.15,3,0,M,B
1058,1677500546977,A7v9MmQCFYnbpK4N,29,70086,44.68,94.46,1,0,N,N
1059,1677500634971,A7v9MmQCFYnbpK4N,30,313204,99.92,79.98,3,0,M,N
1060,1677500967999,A7v9MmQCFYnbpK4N,31,61139,48.81,94.88,1,0,N,N
1061,1677501078530,A7v9MmQCFYnbpK4N,33,78096,42.03,94.2,1,0,N,N
1062,1677501181392,A7v9MmQCFYnbpK4N,34,249822,30.89,83.08,2,0,R,N
1063,1677501455160,A7v9MmQCFYnbpK4N,35,362127,63.03,72.6,3,0,M,B
1064,1677501912659,A7v9MmQCFYnbpK4N,36,383984,58.76,71.75,3,0,R,B
1065,1677502337566,A7v9MmQCFYnbpK4N,37,413866,32.13,66.42,3,0,M,R
1066,1677503123749,A7v9MmQCFYnbpK4N,38,358122,65.59,73.11,3,0,R,B
1067,1677503508672,A7v9MmQCFYnbpK4N,39,362037,65.55,73.11,3,0,M,R
1068,1677503931902,A7v9MmQCFYnbpK4N,40,510611,61.36,56.13,4,0,M,B
1069,1677504880421,A7v9MmQCFYnbpK4N,42,47632,57.22,95.72,1,0,N,N
1070,1677504945871,A7v9MmQCFYnbpK4N,43,186703,61.87,86.18,2,0,R,N
1071,1677505163466,A7v9MmQCFYnbpK4N,44,43337,58.43,95.84,1,0,N,N
1072,1677505226501,A7v9MmQCFYnbpK4N,45,220042,58.48,85.84,2,0,M,N
1073,1677505485536,A7v9MmQCFYnbpK4N,46,342854,68.49,73.69,3,0,M,B
1074,1677505846165,A7v9MmQCFYnbpK4N,47,104795,18.98,91.89,1,0,N,N
1075,1677506042742,A7v9MmQCFYnbpK4N,48,468411,2.56,60.51,3,0,R,B
1076,1677665070060,zg7F42DmrCkYLbnT,1,507227,64.66,56.46,4,0,M,R
1077,1677665638211,zg7F42DmrCkYLbnT,2,200768,61.6,86.16,2,0,R,N
1078,1677665934556,zg7F42DmrCkYLbnT,3,523976,33.06,53.3,4,0,M,B
1079,1677667231944,zg7F42DmrCkYLbnT,4,514511,67.01,56.7,4,0,R,R
1080,1677667973980,zg7F42DmrCkYLbnT,6,112982,26.56,92.65,1,0,N,N
1081,1677668635664,zg7F42DmrCkYLbnT,7,122825,3.88,90.38,1,0,N,N
1082,1677668778576,zg7F42DmrCkYLbnT,8,160367,71.54,87.15,2,0,N,N
1083,1677668956057,zg7F42DmrCkYLbnT,9,122892,14.84,91.48,1,0,N,N
1084,1677669100456,zg7F42DmrCkYLbnT,10,66246,46.48,94.64,1,0,N,N
1085,1677669184830,zg7F42DmrCkYLbnT,11,463614,0.31,60.06,3,0,R,R
1086,1677669688409,zg7F42DmrCkYLbnT,12,191965,61.01,86.1,2,0,M,N
1087,1677669900529,zg7F42DmrCkYLbnT,13,103940,17.95,91.79,1,0,N,N
1088,1677670329769,zg7F42DmrCkYLbnT,14,463021,0.89,60.17,3,0,M,B
1089,1677670819112,zg7F42DmrCkYLbnT,15,103978,19.04,91.9,1,0,N,N
1090,1677670941670,zg7F42DmrCkYLbnT,16,520148,23.52,52.35,4,0,R,R
1091,1677671504737,zg7F42DmrCkYLbnT,17,43409,58.25,95.82,1,0,N,N
1092,1677671570586,zg7F42DmrCkYLbnT,18,61216,46.94,94.69,1,0,N,N
1093,1677672524621,zg7F42DmrCkYLbnT,19,118755,16.12,91.61,1,0,N,N
1094,1677672662082,zg7F42DmrCkYLbnT,20,133913,0.07,90.0,1,0,N,N
1095,1677672813851,zg7F42DmrCkYLbnT,21,353989,73.69,74.73,3,0,R,R
1096,1677673236861,zg7F42DmrCkYLbnT,22,467072,0.37,60.07,3,0,M,B
1097,1677673753834,zg7F42DmrCkYLbnT,23,118824,8.29,90.82,1,0,N,N
1098,1677673934777,zg7F42DmrCkYLbnT,24,277199,0.28,80.02,2,0,M,N
1099,1677674925671,zg7F42DmrCkYLbnT,26,43326,58.34,95.83,1,0,N,N
1100,1677674993931,zg7F42DmrCkYLbnT,27,191811,61.84,86.18,2,0,M,N
1101,1677675209515,zg7F42DmrCkYLbnT,28,43013,64.17,96.41,1,0,N,N
1102,1677675461958,zg7F42DmrCkYLbnT,30,372870,60.18,72.03,3,0,M,R
1103,1677675868204,zg7F42DmrCkYLbnT,31,56441,54.12,95.41,1,0,N,N
1104,1677676092016,zg7F42DmrCkYLbnT,32,70498,46.25,94.62,1,0,N,N
1105,1677676179740,zg7F42DmrCkYLbnT,33,392658,43.91,68.78,3,0,M,R
1106,1677676618216,zg7F42DmrCkYLbnT,34,104247,20.59,92.05,1,0,N,N
1107,1677676740419,zg7F42DmrCkYLbnT,35,325415,87.41,77.48,3,0,M,R
1108,1677677082985,zg7F42DmrCkYLbnT,36,385048,48.47,69.69,3,0,M,R
1109,1677677910982,zg7F42DmrCkYLbnT,37,57938,51.1,95.11,1,0,N,N
1110,1677677987654,zg7F42DmrCkYLbnT,38,465128,0.99,60.19,3,0,R,R
1111,1677678511909,zg7F42DmrCkYLbnT,40,43331,59.02,95.9,1,0,N,N
1112,1677678580070,zg7F42DmrCkYLbnT,41,52007,56.72,95.67,1,0,N,N
1113,1677678650470,zg7F42DmrCkYLbnT,42,190454,60.86,86.08,2,0,M,N
1114,1677678858867,zg7F42DmrCkYLbnT,43,91758,25.53,92.55,1,0,N,N
1115,1677751556083,Lbjq1KGYQptd9a64,1,192692,63.55,86.35,2,0,R,N
1116,1677751833066,Lbjq1KGYQptd9a64,2,524987,21.07,52.1,4,0,M,R
1117,1677752960078,Lbjq1KGYQptd9a64,3,366394,61.53,72.3,3,0,R,R
1118,1677753519782,Lbjq1KGYQptd9a64,4,397778,52.06,70.41,3,0,R,B
1119,1677754061700,Lbjq1KGYQptd9a64,5,69274,45.25,94.52,1,0,N,N
1120,1677754149886,Lbjq1KGYQptd9a64,6,39658,63.37,96.33,1,0,N,N
1121,1677754213183,Lbjq1KGYQptd9a64,7,466274,6.41,61.28,3,0,M,R
1122,1677754737147,Lbjq1KGYQptd9a64,8,358398,67.62,73.52,3,0,M,B
1123,1677755533612,Lbjq1KGYQptd9a64,9,351787,65.4,73.08,3,0,M,R
1124,1677756110772,Lbjq1KGYQptd9a64,10,23340,81.92,98.19,1,0,N,N
1125,1677756196102,Lbjq1KGYQptd9a64,11,54328,53.31,95.33,1,0,N,N
1126,1677756268285,Lbjq1KGYQptd9a64,12,98258,24.93,92.49,1,0,N,N
1127,1677756458678,Lbjq1KGYQptd9a64,13,365279,61.97,72.39,3,0,M,B
1128,1677756850643,Lbjq1KGYQptd9a64,14,63391,47.37,94.73,1,0,N,N
1129,1677756932213,Lbjq1KGYQptd9a64,15,152639,85.36,88.53,2,0,N,N
1130,1677757103369,Lbjq1KGYQptd9a64,16,406739,36.23,67.24,3,0,R,B
1131,1677757543404,Lbjq1KGYQptd9a64,17,365054,63.16,72.63,3,0,M,B
1132,1677759151823,Lbjq1KGYQptd9a64,18,25277,94.65,99.46,1,0,N,N
1133,1677759195846,Lbjq1KGYQptd9a64,19,133990,0.59,90.05,1,0,N,N
1134,1677759348686,Lbjq1KGYQptd9a64,20,97120,25.44,92.54,1,0,N,N
1135,1677759476528,Lbjq1KGYQptd9a64,21,306995,100.0,80.0,3,0,M,N
1136,1677759806965,Lbjq1KGYQptd9a64,22,396373,42.62,68.52,3,0,R,R
1137,1677760225317,Lbjq1KGYQptd9a64,23,74574,47.38,94.73,1,0,N,N
1138,1677760320105,Lbjq1KGYQptd9a64,24,37003,66.14,96.61,1,0,N,N
1139,1677760818354,Lbjq1KGYQptd9a64,25,43017,64.28,96.42,1,0,N,N
1140,1677760879232,Lbjq1KGYQptd9a64,26,189382,62.87,86.28,2,0,M,N
1141,1677761089374,Lbjq1KGYQptd9a64,27,395643,46.56,69.31,3,0,R,R
1142,1677761506519,Lbjq1KGYQptd9a64,28,377796,57.16,71.43,3,0,M,B
1143,1677762047139,Lbjq1KGYQptd9a64,29,515701,65.38,56.53,4,0,R,R
1144,1677762662107,Lbjq1KGYQptd9a64,30,104417,15.28,91.52,1,0,N,N
1145,1677762817473,Lbjq1KGYQptd9a64,32,337101,87.91,77.58,3,0,M,R
1146,1677763177118,Lbjq1KGYQptd9a64,33,100161,22.4,92.24,1,0,N,N
1147,1677763311802,Lbjq1KGYQptd9a64,34,415926,33.67,66.73,3,0,M,B
1148,1677764225928,Lbjq1KGYQptd9a64,35,356545,65.39,73.07,3,0,R,R
1149,1677764643300,Lbjq1KGYQptd9a64,36,280417,0.73,80.07,2,0,R,N
1150,1677764947689,Lbjq1KGYQptd9a64,37,524958,24.42,52.44,4,0,M,R
1151,1677838498840,YQr9WpqTLw3VBhC8,1,58639,51.8,95.18,1,0,N,N
1152,1677838575263,YQr9WpqTLw3VBhC8,2,98726,22.89,92.28,1,0,N,N
1153,1677838693997,YQr9WpqTLw3VBhC8,3,99732,23.74,92.37,1,0,N,N
1154,1677838810946,YQr9WpqTLw3VBhC8,4,133947,0.47,90.04,1,0,N,N
1155,1677838962001,YQr9WpqTLw3VBhC8,5,58722,52.46,95.24,1,0,N,N
1156,1677839039888,YQr9WpqTLw3VBhC8,6,385540,57.69,71.53,3,0,R,B
1157,1677839567502,YQr9WpqTLw3VBhC8,7,319497,100.0,80.0,3,0,R,N
1158,1677839906832,YQr9WpqTLw3VBhC8,8,133936,0.42,90.04,1,0,N,N
1159,1677840070494,YQr9WpqTLw3VBhC8,9,97930,24.29,92.42,1,0,N,N
1160,1677840188771,YQr9WpqTLw3VBhC8,10,110699,18.94,91.89,1,0,N,N
1161,1677840787559,YQr9WpqTLw3VBhC8,11,344088,69.4,73.88,3,0,R,R
1162,1677841163370,YQr9WpqTLw3VBhC8,12,528805,41.87,54.18,4,0,R,R
1163,1677841763350,YQr9WpqTLw3VBhC8,13,178294,62.09,86.2,2,0,M,N
1164,1677841985043,YQr9WpqTLw3VBhC8,14,63382,48.08,94.8,1,0,N,N
1165,1677842456205,YQr9WpqTLw3VBhC8,15,103949,21.45,92.14,1,0,N,N
1166,1677842615451,YQr9WpqTLw3VBhC8,16,52331,54.01,95.4,1,0,N,N
1167,1677842740657,YQr9WpqTLw3VBhC8,17,190806,62.16,86.21,2,0,M,N
1168,1677842996864,YQr9WpqTLw3VBhC8,18,37439,63.61,96.36,1,0,N,N
1169,1677843129148,YQr9WpqTLw3VBhC8,19,45497,57.01,95.7,1,0,N,N
1170,1677843195750,YQr9WpqTLw3VBhC8,20,63270,48.39,94.83,1,0,N,N
1171,1677843407643,YQr9WpqTLw3VBhC8,21,185238,64.84,86.48,2,0,M,N
1172,1677843617458,YQr9WpqTLw3VBhC8,22,527444,40.79,54.07,4,0,R,B
1173,1677844218123,YQr9WpqTLw3VBhC8,23,98449,19.96,91.99,1,0,N,N
1174,1677844337124,YQr9WpqTLw3VBhC8,24,396447,43.79,68.75,3,0,R,B
1175,1677844815231,YQr9WpqTLw3VBhC8,25,189330,62.82,86.28,2,0,M,N
1176,1677845027689,YQr9WpqTLw3VBhC8,26,525709,22.08,52.2,4,0,M,R
1177,1678010659614,VZBcd7QywpfrqMkm,1,351995,73.72,74.74,3,0,R,R
1178,1678011072477,VZBcd7QywpfrqMkm,3,59264,50.57,95.05,1,0,N,N
1179,1678011150258,VZBcd7QywpfrqMkm,4,55518,52.8,95.28,1,0,N,N
1180,1678011225092,VZBcd7QywpfrqMkm,5,50558,56.54,95.65,1,0,N,N
1181,1678011296206,VZBcd7QywpfrqMkm,6,415018,36.74,67.34,3,0,R,R
1182,1678011890799,VZBcd7QywpfrqMkm,7,526995,22.23,52.22,4,0,R,R
1183,1678012598873,VZBcd7QywpfrqMkm,10,102214,20.97,92.09,1,0,N,N
1184,1678013665400,VZBcd7QywpfrqMkm,11,101721,20.13,92.01,1,0,N,N
1185,1678013790009,VZBcd7QywpfrqMkm,12,119413,9.01,90.9,1,0,N,N
1186,1678013927586,VZBcd7QywpfrqMkm,13,66668,47.35,94.73,1,0,N,N
1187,1678014014886,VZBcd7QywpfrqMkm,14,90587,25.97,92.59,1,0,N,N
1188,1678014124125,VZBcd7QywpfrqMkm,15,465357,1.93,60.38,3,0,R,B
1189,1678014626185,VZBcd7QywpfrqMkm,16,47725,55.99,95.59,1,0,N,N
1190,1678014693091,VZBcd7QywpfrqMkm,17,416883,33.5,66.7,3,0,M,B
1191,1678015132268,VZBcd7QywpfrqMkm,18,527512,52.85,55.28,4,0,M,B
1192,1678016032279,VZBcd7QywpfrqMkm,19,509462,70.81,57.08,4,0,M,R
1193,1678017280559,VZBcd7QywpfrqMkm,20,60271,50.97,95.09,1,0,N,N
1194,1678017360092,VZBcd7QywpfrqMkm,21,191381,62.22,86.22,2,0,M,N
1195,1678018346838,VZBcd7QywpfrqMkm,22,57095,53.75,95.37,1,0,N,N
1196,1678018424725,VZBcd7QywpfrqMkm,23,110419,15.3,91.53,1,0,N,N
1197,1678018555493,VZBcd7QywpfrqMkm,24,122844,15.3,91.53,1,0,N,N
1198,1678018704823,VZBcd7QywpfrqMkm,25,111054,20.41,92.04,1,0,N,N
1199,1678018870662,VZBcd7QywpfrqMkm,26,46613,58.04,95.8,1,0,N,N
1200,1678018935398,VZBcd7QywpfrqMkm,27,375295,55.62,71.12,3,0,R,B
1201,1678019330107,VZBcd7QywpfrqMkm,28,198097,62.66,86.26,2,0,M,N
1202,1678019909240,VZBcd7QywpfrqMkm,29,191530,61.04,86.1,2,0,M,N
1203,1678020128417,VZBcd7QywpfrqMkm,30,56356,52.86,95.28,1,0,N,N
1204,1678020204217,VZBcd7QywpfrqMkm,31,54382,54.45,95.44,1,0,N,N
1205,1678020278309,VZBcd7QywpfrqMkm,32,509959,65.03,56.5,4,0,M,R
1206,1678020815464,VZBcd7QywpfrqMkm,33,192312,62.4,86.24,2,0,M,N
1207,1678021037069,VZBcd7QywpfrqMkm,34,56978,51.88,95.18,1,0,N,N
1208,1678021113094,VZBcd7QywpfrqMkm,35,118009,8.57,90.85,1,0,N,N
1209,1678021261955,VZBcd7QywpfrqMkm,36,414478,34.97,66.99,3,0,R,R
1210,1678021717920,VZBcd7QywpfrqMkm,37,364445,62.42,72.48,3,0,R,B
1211,1678022698708,VZBcd7QywpfrqMkm,40,388471,50.89,70.17,3,0,M,B
1212,1678023106708,VZBcd7QywpfrqMkm,41,462255,0.01,60.0,3,0,R,B
1213,1678023646602,VZBcd7QywpfrqMkm,42,98685,21.83,92.18,1,0,N,N
1214,1678023863325,VZBcd7QywpfrqMkm,43,45532,58.76,95.87,1,0,N,N
1215,1678023946719,VZBcd7QywpfrqMkm,44,122795,11.54,91.15,1,0,N,N
1216,1678024089545,VZBcd7QywpfrqMkm,45,103919,22.6,92.26,1,0,N,N
1217,1678024236099,VZBcd7QywpfrqMkm,46,201676,61.93,86.19,2,0,R,N
1218,1678024464453,VZBcd7QywpfrqMkm,47,96919,23.76,92.37,1,0,N,N
1219,1678024663308,VZBcd7QywpfrqMkm,48,52382,54.08,95.4,1,0,N,N
1220,1678024738722,VZBcd7QywpfrqMkm,49,66632,48.25,94.82,1,0,N,N
1221,1678024835765,VZBcd7QywpfrqMkm,50,116002,14.67,91.46,1,0,N,N
1222,1678024982788,VZBcd7QywpfrqMkm,51,191359,63.74,86.37,2,0,M,N
1223,1678025193062,VZBcd7QywpfrqMkm,52,188741,63.37,86.33,2,0,M,N
1224,1678097107168,jTM17cmLqtwpr3Gf,1,45445,59.59,95.95,1,0,N,N
1225,1678097177275,jTM17cmLqtwpr3Gf,2,384025,49.18,69.83,3,0,M,B
1226,1678097583212,jTM17cmLqtwpr3Gf,3,467464,2.87,60.57,3,0,M,R
1227,1678098245697,jTM17cmLqtwpr3Gf,4,189984,61.24,86.12,2,0,M,N
1228,1678098455479,jTM17cmLqtwpr3Gf,5,191526,62.84,86.28,2,0,R,N
1229,1678098991938,jTM17cmLqtwpr3Gf,6,592209,84.92,46.23,5,0,R,R
1230,1678100300469,jTM17cmLqtwpr3Gf,7,510329,57.08,55.7,4,0,R,R
1231,1678100889707,jTM17cmLqtwpr3Gf,9,351707,64.47,72.89,3,0,R,R
1232,1678101709033,jTM17cmLqtwpr3Gf,10,69742,45.78,94.57,1,0,N,N
1233,1678101798506,jTM17cmLqtwpr3Gf,11,314375,99.78,79.95,3,0,M,N
1234,1678102132564,jTM17cmLqtwpr3Gf,12,511105,54.12,55.41,4,0,M,R
1235,1678103231177,jTM17cmLqtwpr3Gf,13,588374,84.87,46.21,5,0,M,R
1236,1678269775613,a78ZrjQbk2nAJpD9,4,282133,2.02,80.2,2,0,M,N
1237,1678270075893,a78ZrjQbk2nAJpD9,5,208783,57.89,85.78,2,0,R,N
1238,1678270303259,a78ZrjQbk2nAJpD9,6,49068,58.0,95.8,1,0,N,N
1239,1678270370463,a78ZrjQbk2nAJpD9,7,104266,21.37,92.13,1,0,N,N
1240,1678270494899,a78ZrjQbk2nAJpD9,8,359996,63.83,72.76,3,0,R,R
1241,1678270873871,a78ZrjQbk2nAJpD9,9,184921,61.81,86.18,2,0,M,N
1242,1678271078948,a78ZrjQbk2nAJpD9,10,528885,20.42,52.04,4,0,M,R
1243,1678271924865,a78ZrjQbk2nAJpD9,11,108968,19.84,91.98,1,0,N,N
1244,1678272074030,a78ZrjQbk2nAJpD9,12,612644,85.3,46.32,5,0,R,B
1245,1678273307733,a78ZrjQbk2nAJpD9,13,341158,70.17,74.03,3,0,R,B
1246,1678273667445,a78ZrjQbk2nAJpD9,14,348536,68.98,73.79,3,0,R,B
1247,1678274039732,a78ZrjQbk2nAJpD9,15,133913,1.71,90.17,1,0,N,N
1248,1678274193682,a78ZrjQbk2nAJpD9,16,525089,55.77,55.57,4,0,M,B
1249,1678275102156,a78ZrjQbk2nAJpD9,18,117599,8.32,90.83,1,0,N,N
1250,1678275238452,a78ZrjQbk2nAJpD9,19,91822,27.39,92.73,1,0,N,N
1251,1678275357231,a78ZrjQbk2nAJpD9,20,157319,72.46,87.24,2,0,N,N
1252,1678282808247,a78ZrjQbk2nAJpD9,28,57693,51.73,95.17,1,0,N,N
1253,1678282884053,a78ZrjQbk2nAJpD9,29,90297,30.45,93.04,1,0,N,N
1254,1678282991472,a78ZrjQbk2nAJpD9,30,111250,11.75,91.17,1,0,N,N
1255,1678283126364,a78ZrjQbk2nAJpD9,31,63444,49.35,94.93,1,0,N,N
1256,1678283208393,a78ZrjQbk2nAJpD9,32,62663,47.68,94.76,1,0,N,N
1257,1678283289286,a78ZrjQbk2nAJpD9,33,109058,16.29,91.62,1,0,N,N
1258,1678357213747,HhNQdtgFJ4jbLYVW,1,186355,63.49,86.34,2,0,M,N
1259,1678357419458,HhNQdtgFJ4jbLYVW,2,410071,38.38,67.67,3,0,M,R
1260,1678357928068,HhNQdtgFJ4jbLYVW,3,598623,85.76,46.44,5,0,M,B
1261,1678359115209,HhNQdtgFJ4jbLYVW,4,43307,59.83,95.98,1,0,N,N
1262,1678359176371,HhNQdtgFJ4jbLYVW,5,200787,62.51,86.25,2,0,M,N
1263,1678359396530,HhNQdtgFJ4jbLYVW,6,177245,62.94,86.29,2,0,R,N
1264,1678359593974,HhNQdtgFJ4jbLYVW,7,278802,1.21,80.12,2,0,R,N
1265,1678359896672,HhNQdtgFJ4jbLYVW,8,393024,44.14,68.82,3,0,R,R
1266,1678360336616,HhNQdtgFJ4jbLYVW,9,63371,48.27,94.82,1,0,N,N
1267,1678360418449,HhNQdtgFJ4jbLYVW,10,357985,65.33,73.06,3,0,R,R
1268,1678361130316,HhNQdtgFJ4jbLYVW,11,467495,0.28,60.05,3,0,M,B
1269,1678361643265,HhNQdtgFJ4jbLYVW,12,207840,58.54,85.85,2,0,R,N
1270,1678361871910,HhNQdtgFJ4jbLYVW,13,94295,26.02,92.6,1,0,N,N
1271,1678362252671,HhNQdtgFJ4jbLYVW,14,458229,6.09,61.21,3,0,R,R
1272,1678362729664,HhNQdtgFJ4jbLYVW,15,526562,20.37,52.03,4,0,M,R
1273,1678363342595,HhNQdtgFJ4jbLYVW,16,88054,31.94,93.19,1,0,N,N
1274,1678363452650,HhNQdtgFJ4jbLYVW,17,37647,65.03,96.5,1,0,N,N
1275,1678363507705,HhNQdtgFJ4jbLYVW,18,69685,43.39,94.33,1,0,N,N
1276,1678363624334,HhNQdtgFJ4jbLYVW,19,406168,37.45,67.49,3,0,R,R
1277,1678442797664,MP2GfnkVFjhz3wLm,1,518757,47.35,54.73,4,0,R,B
1278,1678443339988,MP2GfnkVFjhz3wLm,2,344360,69.86,73.97,3,0,M,R
1279,1678443707724,MP2GfnkVFjhz3wLm,3,61027,55.18,95.51,1,0,N,N
1280,1678443791559,MP2GfnkVFjhz3wLm,4,596868,86.92,46.73,5,0,M,R
1281,1678444936979,MP2GfnkVFjhz3wLm,5,188448,61.68,86.16,2,0,M,N
1282,1678445164686,MP2GfnkVFjhz3wLm,6,594023,90.7,47.67,5,0,R,R
1283,1678445846436,MP2GfnkVFjhz3wLm,7,405840,39.19,67.83,3,0,R,B
1284,1678446380902,MP2GfnkVFjhz3wLm,9,521986,54.42,55.44,4,0,R,R
1285,1678447342861,MP2GfnkVFjhz3wLm,10,43367,60.22,96.02,1,0,N,N
1286,1678447427071,MP2GfnkVFjhz3wLm,11,59377,51.23,95.12,1,0,N,N
1287,1678447515192,MP2GfnkVFjhz3wLm,12,98254,20.41,92.04,1,0,N,N
1288,1678447632727,MP2GfnkVFjhz3wLm,13,185567,63.4,86.34,2,0,R,N
1289,1678447884382,MP2GfnkVFjhz3wLm,14,92274,26.56,92.65,1,0,N,N
1290,1678448150055,MP2GfnkVFjhz3wLm,15,466593,0.35,60.07,3,0,M,B
1291,1678448692027,MP2GfnkVFjhz3wLm,16,129545,3.74,90.37,1,0,N,N
1292,1678448840794,MP2GfnkVFjhz3wLm,17,594823,87.75,46.93,5,0,R,B
1293,1678454403635,MP2GfnkVFjhz3wLm,18,116823,10.93,91.09,1,0,N,N
1294,1678454538386,MP2GfnkVFjhz3wLm,19,112155,15.02,91.5,1,0,N,N
1295,1678454875283,MP2GfnkVFjhz3wLm,20,601754,87.02,46.75,5,0,R,B
1296,1678455542218,MP2GfnkVFjhz3wLm,21,343090,73.71,74.74,3,0,M,R
1297,1678455905585,MP2GfnkVFjhz3wLm,22,201065,61.34,86.13,2,0,M,N
1298,1678456128489,MP2GfnkVFjhz3wLm,23,198159,62.49,86.24,2,0,M,N
1299,1678456345255,MP2GfnkVFjhz3wLm,24,611255,86.45,46.61,5,0,M,R
1300,1678615320856,1XYFpTZ2nMfbCycW,1,133833,0.36,90.03,1,0,N,N
1301,1678615487923,1XYFpTZ2nMfbCycW,2,342397,71.02,74.2,3,0,M,R
1302,1678615854634,1XYFpTZ2nMfbCycW,3,68789,44.74,94.47,1,0,N,N
1303,1678615943893,1XYFpTZ2nMfbCycW,4,463975,3.31,60.66,3,0,M,B
1304,1678616428623,1XYFpTZ2nMfbCycW,5,54398,54.01,95.4,1,0,N,N
1305,1678616504141,1XYFpTZ2nMfbCycW,6,90525,25.83,92.58,1,0,N,N
1306,1678616614965,1XYFpTZ2nMfbCycW,7,54497,53.53,95.35,1,0,N,N
1307,1678616688014,1XYFpTZ2nMfbCycW,8,100712,22.75,92.27,1,0,N,N
1308,1678617157349,1XYFpTZ2nMfbCycW,9,94579,26.47,92.64,1,0,N,N
1309,1678617290546,1XYFpTZ2nMfbCycW,10,418672,32.51,66.5,3,0,R,B
1310,1678617749559,1XYFpTZ2nMfbCycW,11,189102,62.86,86.28,2,0,R,N
1311,1678617959363,1XYFpTZ2nMfbCycW,12,525341,21.7,52.17,4,0,M,B
1312,1678618556162,1XYFpTZ2nMfbCycW,14,468257,4.71,60.94,3,0,R,R
1313,1678619494929,1XYFpTZ2nMfbCycW,15,58327,51.03,95.1,1,0,N,N
1314,1678619587652,1XYFpTZ2nMfbCycW,16,63379,47.34,94.73,1,0,N,N
1315,1678619670031,1XYFpTZ2nMfbCycW,17,48395,57.21,95.72,1,0,N,N
1316,1678619737522,1XYFpTZ2nMfbCycW,18,404713,36.07,67.21,3,0,R,B
1317,1678620248286,1XYFpTZ2nMfbCycW,19,187216,61.49,86.14,2,0,R,N
1318,1678701925844,M7QPpwL1RdNKfCYq,1,54358,54.26,95.42,1,0,N,N
1319,1678702179399,M7QPpwL1RdNKfCYq,2,132586,100.0,90.0,2,0,N,N
1320,1678702329873,M7QPpwL1RdNKfCYq,3,64664,47.14,94.71,1,0,N,N
1321,1678702413619,M7QPpwL1RdNKfCYq,4,200040,62.44,86.24,2,0,M,N
1322,1678702632327,M7QPpwL1RdNKfCYq,5,185813,62.14,86.21,2,0,R,N
1323,1678702838265,M7QPpwL1RdNKfCYq,6,597003,87.41,46.85,5,0,R,R
1324,1678703486435,M7QPpwL1RdNKfCYq,7,111824,11.96,91.19,1,0,N,N
1325,1678703929587,M7QPpwL1RdNKfCYq,8,600532,87.32,46.83,5,0,R,B
1326,1678704565503,M7QPpwL1RdNKfCYq,9,465744,1.04,60.2,3,0,R,B
1327,1678705386390,M7QPpwL1RdNKfCYq,10,528191,21.87,52.18,4,0,R,B
1328,1678706033851,M7QPpwL1RdNKfCYq,11,60963,50.85,95.08,1,0,N,N
1329,1678706381065,M7QPpwL1RdNKfCYq,12,181714,60.69,86.06,2,0,R,N
1330,1678706582097,M7QPpwL1RdNKfCYq,13,380664,49.36,69.87,3,0,M,B
1331,1678707002742,M7QPpwL1RdNKfCYq,14,526475,23.68,52.36,4,0,R,B
1332,1678707556161,M7QPpwL1RdNKfCYq,15,104649,19.36,91.93,1,0,N,N
1333,1678707682685,M7QPpwL1RdNKfCYq,16,467720,2.47,60.49,3,0,R,R
1334,1678709205709,M7QPpwL1RdNKfCYq,18,465303,4.87,60.97,3,0,R,R
1335,1678709695844,M7QPpwL1RdNKfCYq,19,107821,24.43,92.44,1,0,N,N
1336,1678709823688,M7QPpwL1RdNKfCYq,20,114023,12.38,91.23,1,0,N,N
1337,1678709965340,M7QPpwL1RdNKfCYq,21,189031,63.03,86.3,2,0,M,N
1338,1678710173321,M7QPpwL1RdNKfCYq,22,45404,58.91,95.89,1,0,N,N
1339,1678710591828,M7QPpwL1RdNKfCYq,23,122902,8.06,90.8,1,0,N,N
1340,1678710737883,M7QPpwL1RdNKfCYq,24,103911,18.21,91.82,1,0,N,N
1341,1678710866608,M7QPpwL1RdNKfCYq,25,159710,71.53,87.15,2,0,N,N
1342,1678711273364,M7QPpwL1RdNKfCYq,27,64977,47.47,94.74,1,0,N,N
1343,1678711354137,M7QPpwL1RdNKfCYq,28,674729,63.23,40.8,5,0,R,B
1344,1678713240815,M7QPpwL1RdNKfCYq,29,466916,0.08,60.01,3,0,R,R
1345,1678713875891,M7QPpwL1RdNKfCYq,30,63599,47.36,94.73,1,0,N,N
1346,1678713957292,M7QPpwL1RdNKfCYq,31,90764,26.44,92.64,1,0,N,N
1347,1678714126050,M7QPpwL1RdNKfCYq,32,506633,62.12,56.21,4,0,R,R
1348,1678878899485,92DAXzvha8tbc3CB,1,419317,30.71,66.14,3,0,R,R
1349,1678879343044,92DAXzvha8tbc3CB,2,92538,26.65,92.66,1,0,N,N
1350,1678879453021,92DAXzvha8tbc3CB,3,526436,20.01,52.0,4,0,M,R
1351,1678880053206,92DAXzvha8tbc3CB,4,134119,0.58,90.05,1,0,N,N
1352,1678880522538,92DAXzvha8tbc3CB,5,344993,69.19,73.83,3,0,R,R
1353,1678880955398,92DAXzvha8tbc3CB,6,110975,20.1,92.01,1,0,N,N
1354,1678881100681,92DAXzvha8tbc3CB,7,684431,65.76,41.44,5,0,M,R
1355,1678882920165,92DAXzvha8tbc3CB,8,98564,24.27,92.42,1,0,N,N
1356,1678883037660,92DAXzvha8tbc3CB,9,247972,28.21,82.82,2,0,M,N
1357,1678883313913,92DAXzvha8tbc3CB,10,466670,0.01,60.0,3,0,M,B
1358,1678883893301,92DAXzvha8tbc3CB,11,188124,61.19,86.11,2,0,R,N
1359,1678884101374,92DAXzvha8tbc3CB,12,279429,1.83,80.18,2,0,M,N
1360,1678884745893,92DAXzvha8tbc3CB,13,71095,46.24,94.62,1,0,N,N
1361,1678884839094,92DAXzvha8tbc3CB,14,608734,86.75,46.68,5,0,M,B
1362,1678885885685,92DAXzvha8tbc3CB,15,66942,45.56,94.55,1,0,N,N
1363,1678886115095,92DAXzvha8tbc3CB,16,65850,45.35,94.53,1,0,N,N
1364,1678886205352,92DAXzvha8tbc3CB,17,133945,0.48,90.04,1,0,N,N
1365,1678886360509,92DAXzvha8tbc3CB,18,465269,2.25,60.45,3,0,M,R
1366,1678887092167,92DAXzvha8tbc3CB,19,395059,46.37,69.27,3,0,M,B
1367,1678887513492,92DAXzvha8tbc3CB,20,591953,97.9,49.47,5,0,M,B
1368,1678888170252,92DAXzvha8tbc3CB,21,189243,62.64,86.26,2,0,R,N
1369,1678888377246,92DAXzvha8tbc3CB,22,101541,23.94,92.39,1,0,N,N
1370,1678888496006,92DAXzvha8tbc3CB,23,416446,30.39,66.07,3,0,M,B
1371,1678967603794,LmHhdynBwtD4NbPp,1,683855,64.12,41.03,5,0,M,B
1372,1678968390778,LmHhdynBwtD4NbPp,2,107431,16.43,91.64,1,0,N,N
1373,1678968516763,LmHhdynBwtD4NbPp,3,615956,86.91,46.72,5,0,R,R
1374,1678970025712,LmHhdynBwtD4NbPp,4,117052,9.0,90.9,1,0,N,N
1375,1678970160891,LmHhdynBwtD4NbPp,5,252677,26.23,82.62,2,0,M,N
1376,1678970472903,LmHhdynBwtD4NbPp,6,464829,0.63,60.12,3,0,R,R
1377,1678971035851,LmHhdynBwtD4NbPp,7,188844,62.51,86.25,2,0,R,N
1378,1678971595892,LmHhdynBwtD4NbPp,8,757387,43.42,35.85,5,0,M,B
1379,1678972662136,LmHhdynBwtD4NbPp,9,64145,46.49,94.64,1,0,N,N
1380,1678972743593,LmHhdynBwtD4NbPp,10,341288,70.12,74.02,3,0,M,R
1381,1678973103589,LmHhdynBwtD4NbPp,11,204105,58.81,85.88,2,0,R,N
1382,1678973330671,LmHhdynBwtD4NbPp,12,65123,47.47,94.74,1,0,N,N
1383,1678973631454,LmHhdynBwtD4NbPp,13,610055,86.36,46.59,5,0,R,B
1384,1679047466273,dZmfYXaA48GWTCbB,1,201270,62.64,86.26,2,0,R,N
1385,1679047739964,dZmfYXaA48GWTCbB,2,180431,62.52,86.25,2,0,R,N
1386,1679047957245,dZmfYXaA48GWTCbB,3,613019,86.67,46.66,5,0,M,B
1387,1679048595342,dZmfYXaA48GWTCbB,4,464100,3.0,60.6,3,0,M,B
1388,1679049456199,dZmfYXaA48GWTCbB,6,116838,10.83,91.08,1,0,N,N
1389,1679049598399,dZmfYXaA48GWTCbB,7,371987,57.33,71.46,3,0,R,B
1390,1679050020282,dZmfYXaA48GWTCbB,8,281343,2.92,80.29,2,0,R,N
1391,1679050322497,dZmfYXaA48GWTCbB,9,682728,63.41,40.85,5,0,M,R
1392,1679051125772,dZmfYXaA48GWTCbB,10,32419,100.0,100.0,1,0,N,N
1393,1679051355116,dZmfYXaA48GWTCbB,11,38688,64.91,96.49,1,0,N,N
1394,1679051412923,dZmfYXaA48GWTCbB,12,96928,27.94,92.79,1,0,N,N
1395,1679051528329,dZmfYXaA48GWTCbB,13,103554,21.0,92.1,1,0,N,N
1396,1679051648769,dZmfYXaA48GWTCbB,14,601624,86.32,46.58,5,0,M,B
1397,1679052272004,dZmfYXaA48GWTCbB,15,103993,21.55,92.15,1,0,N,N
1398,1679052402634,dZmfYXaA48GWTCbB,16,133966,0.01,90.0,1,0,N,N
1399,1679052556236,dZmfYXaA48GWTCbB,17,177711,62.87,86.28,2,0,R,N
1400,1679053018917,dZmfYXaA48GWTCbB,18,117425,8.0,90.8,1,0,N,N
1401,1679053154726,dZmfYXaA48GWTCbB,19,85645,46.42,94.64,1,0,N,N
1402,1679053258797,dZmfYXaA48GWTCbB,20,504179,53.08,55.3,4,0,M,B
1403,1679053866337,dZmfYXaA48GWTCbB,21,512676,51.67,55.16,4,0,M,B
1404,1679225180029,KvZdYzQxN6PCFL19,1,113664,13.47,91.34,1,0,N,N
1405,1679225317597,KvZdYzQxN6PCFL19,2,189897,62.08,86.2,2,0,M,N
1406,1679225548094,KvZdYzQxN6PCFL19,3,194624,61.51,86.15,2,0,M,N
1407,1679225787501,KvZdYzQxN6PCFL19,4,69549,45.87,94.58,1,0,N,N
1408,1679225879905,KvZdYzQxN6PCFL19,5,111253,14.47,91.44,1,0,N,N
1409,1679226009672,KvZdYzQxN6PCFL19,6,90733,27.77,92.77,1,0,N,N
1410,1679226129625,KvZdYzQxN6PCFL19,7,111120,13.86,91.38,1,0,N,N
1411,1679226305435,KvZdYzQxN6PCFL19,8,51198,54.66,95.46,1,0,N,N
1412,1679226380422,KvZdYzQxN6PCFL19,9,55722,53.08,95.3,1,0,N,N
1413,1679226708491,KvZdYzQxN6PCFL19,10,686526,64.39,41.09,5,0,M,R
1414,1679314646576,8zPYTCL92NdaZDbR,2,464855,0.65,60.13,3,0,M,B
1415,1679315217744,8zPYTCL92NdaZDbR,3,466840,0.84,60.16,3,0,R,R
1416,1679315713069,8zPYTCL92NdaZDbR,4,104369,20.87,92.08,1,0,N,N
1417,1679315878270,8zPYTCL92NdaZDbR,5,187847,61.85,86.18,2,0,M,N
1418,1679316386314,8zPYTCL92NdaZDbR,6,189364,62.71,86.27,2,0,M,N
1419,1679316594121,8zPYTCL92NdaZDbR,7,92055,23.76,92.37,1,0,N,N
1420,1679316704682,8zPYTCL92NdaZDbR,8,181470,61.32,86.13,2,0,R,N
1421,1679316935438,8zPYTCL92NdaZDbR,9,111233,19.81,91.98,1,0,N,N
1422,1679317121966,8zPYTCL92NdaZDbR,10,321617,97.89,79.57,3,0,M,B
1423,1679317497637,8zPYTCL92NdaZDbR,11,25532,99.76,99.97,1,0,N,N
1424,1679317849351,8zPYTCL92NdaZDbR,13,119086,9.12,90.91,1,0,N,N
1425,1679317986616,8zPYTCL92NdaZDbR,14,187910,62.45,86.24,2,0,R,N
1426,1679318195126,8zPYTCL92NdaZDbR,15,177560,62.89,86.28,2,0,M,N
1427,1679318392779,8zPYTCL92NdaZDbR,16,355729,65.56,73.11,3,0,M,B
1428,1679318784937,8zPYTCL92NdaZDbR,17,45531,58.7,95.87,1,0,N,N
1429,1679318848361,8zPYTCL92NdaZDbR,18,374280,56.93,71.38,3,0,M,B
1430,1679319245094,8zPYTCL92NdaZDbR,19,623601,83.72,45.93,5,0,R,R
1431,1679320013981,8zPYTCL92NdaZDbR,20,187659,62.55,86.25,2,0,M,N
1432,1679320219910,8zPYTCL92NdaZDbR,21,134013,0.26,90.02,1,0,N,N
1433,1679320373732,8zPYTCL92NdaZDbR,22,42958,67.8,96.78,1,0,N,N
1434,1679320461419,8zPYTCL92NdaZDbR,23,186907,63.39,86.33,2,0,M,N
1435,1679481647160,xZbtR1WG4Nm8J9pz,1,201952,61.61,86.16,2,0,R,N
1436,1679481883445,xZbtR1WG4Nm8J9pz,2,129935,1.49,90.14,1,0,N,N
1437,1679482059111,xZbtR1WG4Nm8J9pz,3,54393,54.01,95.4,1,0,N,N
1438,1679482145867,xZbtR1WG4Nm8J9pz,4,529371,22.08,52.2,4,0,R,R
1439,1679482769851,xZbtR1WG4Nm8J9pz,5,374880,54.44,70.88,3,0,M,B
1440,1679483519434,xZbtR1WG4Nm8J9pz,6,54534,52.13,95.21,1,0,N,N
1441,1679483588545,xZbtR1WG4Nm8J9pz,7,280472,1.01,80.1,2,0,M,N
1442,1679484044812,xZbtR1WG4Nm8J9pz,8,240604,29.9,82.99,2,0,R,N
1443,1679484446622,xZbtR1WG4Nm8J9pz,9,50933,55.01,95.5,1,0,N,N
1444,1679484522977,xZbtR1WG4Nm8J9pz,10,683545,63.93,40.98,5,0,R,R
1445,1679485298790,xZbtR1WG4Nm8J9pz,11,200366,60.83,86.08,2,0,R,N
1446,1679485519931,xZbtR1WG4Nm8J9pz,12,95874,23.21,92.32,1,0,N,N
1447,1679485635516,xZbtR1WG4Nm8J9pz,13,51443,55.2,95.52,1,0,N,N
1448,1679485711163,xZbtR1WG4Nm8J9pz,14,204138,61.25,86.12,2,0,R,N
1449,1679486876314,xZbtR1WG4Nm8J9pz,15,63413,47.96,94.79,1,0,N,N
1450,1679486958369,xZbtR1WG4Nm8J9pz,16,110953,15.7,91.57,1,0,N,N
1451,1679487087511,xZbtR1WG4Nm8J9pz,17,185409,61.69,86.16,2,0,R,N
1452,1679487296428,xZbtR1WG4Nm8J9pz,18,344318,70.06,74.01,3,0,R,B
1453,1679487664011,xZbtR1WG4Nm8J9pz,19,91872,25.79,92.57,1,0,N,N
1454,1679487775844,xZbtR1WG4Nm8J9pz,20,54458,52.86,95.28,1,0,N,N
1455,1679487850017,xZbtR1WG4Nm8J9pz,21,47975,58.01,95.8,1,0,N,N
1456,1679488246745,xZbtR1WG4Nm8J9pz,22,308428,100.0,80.0,3,0,R,N
1457,1679488900632,xZbtR1WG4Nm8J9pz,23,133950,0.29,90.02,1,0,N,N
1458,1679489054251,xZbtR1WG4Nm8J9pz,24,395843,42.03,68.4,3,0,R,R
1459,1679489665463,xZbtR1WG4Nm8J9pz,25,232378,51.28,85.12,2,0,R,N
1460,1679490219326,xZbtR1WG4Nm8J9pz,26,143076,97.42,89.74,2,0,N,N
1461,1679490393844,xZbtR1WG4Nm8J9pz,27,278715,0.73,80.07,2,0,R,N
1462,1679490811720,xZbtR1WG4Nm8J9pz,28,47267,55.97,95.59,1,0,N,N
1463,1679490879272,xZbtR1WG4Nm8J9pz,29,684774,61.82,40.45,5,0,M,R
1464,1679491899472,xZbtR1WG4Nm8J9pz,30,104423,18.34,91.83,1,0,N,N
1465,1679492028056,xZbtR1WG4Nm8J9pz,31,38134,67.15,96.71,1,0,N,N
1466,1679492106300,xZbtR1WG4Nm8J9pz,32,707108,63.04,40.76,5,0,M,B
1467,1679493101796,xZbtR1WG4Nm8J9pz,33,188101,62.77,86.27,2,0,R,N
1468,1679493313346,xZbtR1WG4Nm8J9pz,34,39853,63.03,96.3,1,0,N,N
1469,1679493376634,xZbtR1WG4Nm8J9pz,35,190840,60.31,86.03,2,0,R,N
1470,1679567702296,ZDNTygfjWJ4PQcmC,1,774683,42.43,35.6,5,0,R,R
1471,1679568676662,ZDNTygfjWJ4PQcmC,2,529014,20.91,52.09,4,0,M,B
1472,1679569645962,ZDNTygfjWJ4PQcmC,3,591797,86.95,46.73,5,0,R,R
1473,1679570453777,ZDNTygfjWJ4PQcmC,4,191633,63.81,86.38,2,0,R,N
1474,1679570918420,ZDNTygfjWJ4PQcmC,5,71469,45.14,94.51,1,0,N,N
1475,1679571007597,ZDNTygfjWJ4PQcmC,6,460350,7.37,61.47,3,0,M,B
1476,1679571494746,ZDNTygfjWJ4PQcmC,7,393088,44.72,68.94,3,0,R,R
1477,1679572015359,ZDNTygfjWJ4PQcmC,8,97865,22.61,92.26,1,0,N,N
1478,1679573006105,ZDNTygfjWJ4PQcmC,9,45570,57.5,95.75,1,0,N,N
1479,1679573091895,ZDNTygfjWJ4PQcmC,10,45356,58.93,95.89,1,0,N,N
1480,1679573157014,ZDNTygfjWJ4PQcmC,11,774039,35.88,33.97,5,0,R,B
1481,1679574167444,ZDNTygfjWJ4PQcmC,12,382429,46.73,69.34,3,0,M,R
1482,1679574631062,ZDNTygfjWJ4PQcmC,13,200412,60.15,86.01,2,0,M,N
1483,1679575324640,ZDNTygfjWJ4PQcmC,14,396668,40.79,68.15,3,0,R,B
1484,1679575740452,ZDNTygfjWJ4PQcmC,15,312192,99.8,79.96,3,0,R,N
1485,1679578553232,ZDNTygfjWJ4PQcmC,16,23942,78.67,97.86,1,0,N,N
1486,1679578663883,ZDNTygfjWJ4PQcmC,17,778464,36.07,34.01,5,0,M,B
1487,1679827218598,71LbTYQxyn9Hdmfc,1,351606,67.73,73.54,3,0,R,B
1488,1679827598910,71LbTYQxyn9Hdmfc,2,185435,61.67,86.16,2,0,M,N
1489,1679827809706,71LbTYQxyn9Hdmfc,3,682498,62.59,40.64,5,0,R,R
1490,1679828689439,71LbTYQxyn9Hdmfc,4,73903,43.46,94.34,1,0,N,N
1491,1679828786719,71LbTYQxyn9Hdmfc,5,102701,19.92,91.99,1,0,N,N
1492,1679828985561,71LbTYQxyn9Hdmfc,6,513188,50.13,55.01,4,0,M,B
1493,1679829857288,71LbTYQxyn9Hdmfc,7,98051,22.29,92.22,1,0,N,N
1494,1679829980588,71LbTYQxyn9Hdmfc,8,521568,20.62,52.06,4,0,R,R
1495,1679831317180,71LbTYQxyn9Hdmfc,9,60813,50.92,95.09,1,0,N,N
1496,1679831395201,71LbTYQxyn9Hdmfc,10,595410,87.0,46.75,5,0,M,B
1497,1679832069159,71LbTYQxyn9Hdmfc,11,179979,61.26,86.12,2,0,R,N
1498,1679832361856,71LbTYQxyn9Hdmfc,12,346656,71.31,74.26,3,0,R,R
1499,1679833797154,71LbTYQxyn9Hdmfc,14,315118,99.85,79.97,3,0,M,N
1500,1679834161950,71LbTYQxyn9Hdmfc,15,460662,6.02,61.2,3,0,M,R
1501,1679834692447,71LbTYQxyn9Hdmfc,16,190660,61.93,86.19,2,0,R,N
1502,1679834921725,71LbTYQxyn9Hdmfc,17,187568,61.14,86.11,2,0,R,N
1503,1679835482153,71LbTYQxyn9Hdmfc,18,791578,35.96,33.99,5,0,R,R
1504,1679836671716,71LbTYQxyn9Hdmfc,19,90764,25.78,92.57,1,0,N,N
1505,1679836782555,71LbTYQxyn9Hdmfc,20,46963,57.01,95.7,1,0,N,N
1506,1679836845360,71LbTYQxyn9Hdmfc,21,133821,0.1,90.01,1,0,N,N
1507,1679836998546,71LbTYQxyn9Hdmfc,22,601123,85.41,46.35,5,0,R,B
1508,1679913521320,PbVRxpCD7fTtjd6A,1,683949,62.16,40.54,5,0,M,R
1509,1679914230201,PbVRxpCD7fTtjd6A,2,194266,62.17,86.21,2,0,R,N
1510,1679914562866,PbVRxpCD7fTtjd6A,3,41544,65.36,96.53,1,0,N,N
1511,1679914645271,PbVRxpCD7fTtjd6A,4,104029,25.24,92.52,1,0,N,N
1512,1679915077236,PbVRxpCD7fTtjd6A,5,467871,0.21,60.04,3,0,M,R
1513,1679915644364,PbVRxpCD7fTtjd6A,6,102256,22.37,92.23,1,0,N,N
1514,1679915771476,PbVRxpCD7fTtjd6A,7,754423,46.44,36.61,5,0,R,R
1515,1679917083484,PbVRxpCD7fTtjd6A,9,133830,0.04,90.0,1,0,N,N
1516,1679917240358,PbVRxpCD7fTtjd6A,10,407433,37.71,67.54,3,0,R,R
1517,1679917669280,PbVRxpCD7fTtjd6A,11,58414,49.41,94.94,1,0,N,N
1518,1679917749087,PbVRxpCD7fTtjd6A,12,104783,18.78,91.87,1,0,N,N
1519,1679917905915,PbVRxpCD7fTtjd6A,14,133947,0.14,90.01,1,0,N,N
1520,1679919082698,PbVRxpCD7fTtjd6A,15,342015,71.5,74.3,3,0,R,B
1521,1679919445015,PbVRxpCD7fTtjd6A,16,236874,36.74,83.67,2,0,R,N
1522,1679919879943,PbVRxpCD7fTtjd6A,17,49754,58.52,95.85,1,0,N,N
1523,1679919951411,PbVRxpCD7fTtjd6A,18,100534,22.78,92.27,1,0,N,N
1524,1679920077935,PbVRxpCD7fTtjd6A,19,509088,63.15,56.31,4,0,R,R
1525,1679920903591,PbVRxpCD7fTtjd6A,20,187840,62.41,86.24,2,0,M,N
1526,1679921112196,PbVRxpCD7fTtjd6A,21,51933,54.92,95.49,1,0,N,N
1527,1679921182457,PbVRxpCD7fTtjd6A,22,92045,25.5,92.55,1,0,N,N
1528,1679921451497,PbVRxpCD7fTtjd6A,23,42187,61.69,96.16,1,0,N,N
1529,1679921513930,PbVRxpCD7fTtjd6A,24,898760,95.25,23.81,6,0,R,R
1530,1679923040302,PbVRxpCD7fTtjd6A,25,33905,67.9,96.79,1,0,N,N
1531,1679923105986,PbVRxpCD7fTtjd6A,26,683275,61.68,40.42,5,0,R,B
1532,1679923812748,PbVRxpCD7fTtjd6A,27,133937,0.02,90.0,1,0,N,N
1533,1679924059026,PbVRxpCD7fTtjd6A,28,98308,25.4,92.54,1,0,N,N
1534,1679924178884,PbVRxpCD7fTtjd6A,29,98224,26.4,92.64,1,0,N,N
1535,1679924297141,PbVRxpCD7fTtjd6A,30,685882,62.19,40.54,5,0,R,R
1536,1679925122504,PbVRxpCD7fTtjd6A,31,107927,17.15,91.71,1,0,N,N
1537,1679925250570,PbVRxpCD7fTtjd6A,32,925864,83.87,20.96,6,0,R,B
